userId,numberOfPeople,numberOfChildren,squareMeters,homeType,heatingTypes,waterHeaterTypes,coolingType,heatingTypeOther,waterHeaterTypeOther,ELECTRIC_VEHICLE,TV,DISH_WASHER,ELECTRIC_HEATING,SAUNA,HEAT_PUMP,CABLE_BOX,FRIDGE_COMBO,COFFEE_MACHINE,TUMBLE_DRYER,FREEZER,POOL_PUMP,HOB,WASHING_MACHINE,GAME_CONSOLE,REFRIGERATOR,FLOW_WATER_HEATER,TOASTER,HOME_BATTERY,MICROWAVE,IRON,TABLET,HEATING_FAN,GRILL,DVD,COMPUTER,OVEN,ELECTRIC_SHOWER,KETTLE,OTHERS
72efd5dc53cbca9c1fea4169d05ba097fa4c0e6f7ee113ce71b36cca6c482c1e,2,1,102,SINGLE_FAMILY,GAS,GAS;SOLAR_HEATING,NONE,,,0,1,1,1,1,0,1,1,1,1,0,1,1,1,1,1,0,1,0,1,1,1,0,0,1,0,1,1,0,0
209184f0cb9a017fa4be450d3255192f38089692590ace85430bdc16aeae914b,1,0,54,MULTI_FAMILY,CENTRAL,CENTRAL_HEATING,NONE,,,0,1,1,0,0,0,0,1,0,0,0,0,1,1,0,0,0,1,0,0,0,1,0,0,0,1,1,1,0,2
c44376f62ae23bf28f1525a96e31a51a37146663389c04803c2a21749cf9f607,1,0,65,MULTI_FAMILY,OTHER,OTHER,NONE,,,0,1,1,0,0,0,1,0,1,0,1,0,1,1,0,1,0,1,0,1,1,2,0,0,0,1,1,1,0,0
40b0be7f7d87b8edc85c603e80e103e7545fcb1e4f1c79fc8f1f050c107a178f,3,0,120,SINGLE_FAMILY,CENTRAL,CENTRAL_HEATING,NONE,,,0,1,1,0,0,1,1,1,0,0,1,0,1,1,1,1,0,0,0,1,1,1,0,0,1,1,1,1,0,0
7e78237b1ff08c898450fd627f832a7cf910d9633e053c6c6205f8e5b075f93e,1,0,70,MULTI_FAMILY,CENTRAL,CENTRAL_HEATING,NONE,,,0,2,1,1,0,0,2,1,1,0,0,0,1,1,1,0,0,1,1,1,0,1,0,0,1,1,1,1,0,0
e284b8a61d235fdbb4b5c32f905a70d9ed6ff862fd41355f2d5fe94112121f26,1,0,100,SINGLE_FAMILY,GAS,GAS,PORTABLE_AIR_CONDITIONER,,,1,1,0,1,0,1,1,0,1,0,1,0,1,1,1,1,0,0,0,1,1,1,2,1,1,1,1,1,0,8
a442ef92f4833d8c780d6eb32a066af0779d7eb128032480ad808bea84645dfe,4,2,144,MULTI_FAMILY,OIL,FLOW_WATER_HEATER,NONE,,,0,2,1,0,0,0,1,2,1,1,1,0,1,1,0,1,1,1,0,1,1,4,1,0,0,1,1,1,1,1
0aee2e5c13b82e225ccd4952b2d129da08286a09ff2c0b899171b7522c7fd4f1,4,1,120,SINGLE_FAMILY,GAS,GAS,NONE,,,0,1,1,0,0,0,1,2,1,1,0,0,1,1,1,0,0,1,0,1,1,1,0,0,0,1,1,1,1,0
ac9e834ac23b5ef1464e265348710e23ea50154f99b24e1eaff9dae152cc44e5,4,1,135,SINGLE_FAMILY,GAS,SOLAR_HEATING,,,,0,1,1,0,0,0,1,3,1,1,1,1,1,1,1,1,0,1,0,1,1,1,0,0,1,1,1,1,0,0
70028c9a70a391c9260251576fd9c17f63a22fcf45f5d9a32c59ae8f61904cca,2,0,100,SINGLE_FAMILY,GAS,FLOW_WATER_HEATER,NONE,,,0,1,1,0,0,0,1,1,1,0,0,0,1,1,0,1,1,1,0,1,0,1,0,0,1,0,3,1,0,1
9e4c3e2e4f390744187d5dcd788ace890c7fbaf2c6b0892df3c906bb3567326f,4,2,90,MULTI_FAMILY,OIL,FLOW_WATER_HEATER,NONE,,,0,1,1,0,0,0,0,0,0,0,0,0,1,1,0,1,0,0,0,1,0,0,0,0,0,0,0,1,0,0
a204aafdb2feb56d70612977f23e143c9a0de9ba5cf5b185a2d3d06ff01b043d,1,1,120,SINGLE_FAMILY,GAS,GAS,NONE,,,0,1,1,0,0,1,1,1,1,1,0,0,1,1,1,1,0,1,0,1,1,0,0,0,0,1,1,1,1,0
b8fa146ec66942490169b3a5b5f217629e2d94fb02ea5344fa33e888926462b9,4,2,100,MULTI_FAMILY,OIL,OIL_HEATING_BOILER,NONE,,,0,1,1,0,0,0,1,1,0,1,1,1,1,1,1,1,0,1,0,1,1,1,0,0,1,1,1,1,0,0
8e38208560742084b35ccc22a737296c504e0e3248e159723ad845aea86a62a9,5,3,79,MULTI_FAMILY,CENTRAL,CENTRAL_HEATING,NONE,,,0,2,1,0,0,0,1,1,1,0,0,0,1,1,0,0,0,1,0,1,0,1,0,0,1,1,1,1,0,0
069b41bf41658f2c83cee16ac8a8c7d783afbc8037956f9c5ca14127f1405559,2,0,86,MULTI_FAMILY,CENTRAL,CENTRAL_HEATING,NONE,,,0,1,1,0,0,0,0,0,1,0,1,0,1,1,0,1,0,1,0,1,1,1,0,1,0,1,1,1,1,0
83e5838ba501c484e945b0049d655fbd9e00828e11ad58553b1c04d23dd162d0,4,2,65,MULTI_FAMILY,CENTRAL,CENTRAL_HEATING,PORTABLE_AIR_CONDITIONER,,,0,1,1,0,0,0,0,1,0,0,0,0,1,1,1,0,0,1,0,1,1,1,1,1,0,1,1,1,0,0
929fd7769876d709c00c50dd81479e02673cc016d336fd542ff1c8a9f2cecf47,4,2,105,MULTI_FAMILY,GAS,OTHER,NONE,,Gas-Etagenheizung,0,1,1,0,0,0,1,1,1,0,0,0,0,1,0,0,0,0,0,0,1,2,0,0,0,0,0,1,0,0
9a7527029836baf7cab74043f0dd3f3b9be9a88a48af64ee5612a9f613fbf50e,3,1,140,SINGLE_FAMILY,HEAT_PUMP,CENTRAL_HEATING,NONE,,,0,3,1,0,0,0,0,1,1,1,1,1,1,1,1,1,0,1,0,1,1,1,0,0,0,0,1,1,0,0
e314d579c48e137f5432ebd4a42990c2b73cb0fe31c3b4e2f968f5a87d3c5255,3,1,140,SINGLE_FAMILY,CENTRAL,CENTRAL_HEATING,PORTABLE_AIR_CONDITIONER,,,0,1,1,0,0,0,1,1,1,1,0,1,1,1,1,1,0,1,0,1,1,1,0,0,0,1,1,1,0,0
c61e05076b2c6962586b5a99065f75d69cdc740efa70e8e203e02a2b9b07bbb8,7,2,200,SINGLE_FAMILY,OIL,OIL_HEATING_BOILER,NONE,,,0,3,2,0,0,1,0,1,1,2,1,0,2,2,2,1,0,1,0,1,1,3,0,0,1,1,2,2,0,1
693f83d11788fc893a0497e9a0bec1f98676736fd3ab2d2aad5c1fef52be53cf,2,,100,SINGLE_FAMILY,OIL,OIL_HEATING_BOILER,NONE,,,0,1,1,0,0,0,1,1,1,0,0,0,1,0,1,1,0,1,0,1,0,1,0,0,1,0,1,1,0,0
ee5aff1718d1bdea3c7cf4f5b1c4fac88a4aaa522a20346e8a55db9cc6b81b7a,2,0,125,SINGLE_FAMILY,OIL,CENTRAL_HEATING;OIL_HEATING_BOILER;SOLAR_HEATING,PORTABLE_AIR_CONDITIONER,,,0,2,1,1,0,2,2,0,1,1,2,0,1,1,0,2,0,1,0,1,1,1,0,1,1,1,1,1,0,0
33f0930879e6a7cc323cb6a0a9fdea8e8ff5b416e7b17e9fc3a62c2b03df9f9e,5,2,240,SINGLE_FAMILY,GAS,GAS,NONE,,,0,6,1,1,0,1,0,2,1,1,2,1,2,1,3,0,0,2,1,2,1,4,0,0,1,2,3,2,0,1
52f8dc2aac0de90239e6a62abdbdf3a789b0d7976cf40c3b7273f455ff759668,4,2,200,SINGLE_FAMILY,WOOD;CENTRAL,CENTRAL_HEATING,NONE,,,0,2,1,0,0,1,1,1,1,0,1,1,1,1,2,1,0,0,0,1,0,0,0,0,0,0,1,1,0,0
f520470d1a91fb2961982e9726cae2ba9a4c8c7bf155cfd47729a8924f700fe6,3,2,90,MULTI_FAMILY,CENTRAL,CENTRAL_HEATING,NONE,,,0,1,1,0,0,0,0,1,1,1,0,0,1,1,1,0,0,0,0,1,0,0,1,0,0,1,1,1,0,1
b644e2914d8a77e7b0f6eba6b085de0cc0b5599947dd47825d8c466cefea6647,1,0,51,MULTI_FAMILY,CENTRAL,FLOW_WATER_HEATER,NONE,,,0,1,0,0,0,0,1,1,1,1,0,0,1,1,0,0,1,1,0,1,0,0,0,1,0,1,1,1,1,0
2d602399168161197b79243d0966d074fa06ac6616c8a13f521b1961440b8782,2,0,,MULTI_FAMILY,CENTRAL,FLOW_WATER_HEATER,NONE,,,0,1,1,1,0,0,1,1,1,0,0,1,1,0,1,0,1,1,0,1,0,1,0,1,1,1,1,1,1,1
127a75492cb9789a2bcdf8e3cd76a6285a1845421e591be176436764e7d36d79,2,0,68,MULTI_FAMILY,CENTRAL,CENTRAL_HEATING,NONE,,,0,1,1,0,0,0,1,1,1,1,0,0,1,1,0,0,0,1,0,1,1,2,0,1,0,1,1,1,0,0
9c1d6720acfe75fb7b95c0db77751e1bba6b55b39688a41376422750cc9b1f40,1,0,33,MULTI_FAMILY,OIL,OIL_HEATING_BOILER,NONE,,,0,1,1,0,0,0,0,1,1,1,0,0,1,1,3,0,0,1,0,1,1,1,0,1,0,1,1,1,0,4
6551fc31f11d3d41538561fa3b7a23d2181a954ebf473af2e1ee9949d1b024d7,2,,76,MULTI_FAMILY,CENTRAL,CENTRAL_HEATING,PORTABLE_AIR_CONDITIONER,,,0,1,1,0,0,0,1,1,1,1,0,0,1,1,0,0,0,0,0,1,1,2,0,0,0,1,1,1,0,0
169ac0fdf81f666c7c2d9f13122fc071235b09909e9b4ecdf4247c172c4cb84c,3,0,95,MULTI_FAMILY,GAS,GAS,NONE,,,0,1,1,0,0,0,1,1,0,1,1,0,1,1,1,1,0,1,0,0,1,1,0,0,0,1,1,1,0,0
fc5769f3aa3f473bcc128f09326ab3a7a0f5a072979023e22abf1567e648fd6e,2,0,120,MULTI_FAMILY,,CENTRAL_HEATING;GAS,NONE,,,0,1,1,0,0,0,1,1,0,1,0,0,1,1,0,1,0,1,0,1,1,0,0,0,0,1,1,1,0,0
a24d250638082d88fd169362db3f8e486ecf7b146b3afb7a3eb6b9c16753260a,1,0,90,SINGLE_FAMILY,GAS,FLOW_WATER_HEATER,NONE,,,0,1,1,0,0,0,1,1,0,1,1,0,1,1,0,0,0,1,0,1,1,1,0,1,1,1,1,1,1,0
2d6b61dbb3dead1a08b345f3135c6fd142170d30e50ed20b208a7f1d8cefad83,2,0,200,SINGLE_FAMILY,WOOD;GAS,FLOW_WATER_HEATER,NONE,,,0,1,1,0,1,0,1,0,1,1,1,0,1,1,0,1,0,1,0,1,1,1,0,0,0,1,1,1,0,0
bc2183a9c543151276f9b07d05cceef9c08a07eca56543a6b442abbd17106f6d,2,0,88,MULTI_FAMILY,CENTRAL,FLOW_WATER_HEATER,NONE,,,0,2,1,0,0,0,1,1,1,1,1,0,1,1,0,0,1,1,0,1,1,0,0,1,0,1,1,1,0,1
ce1dafae352509ee757694d14a61f38e7af536802d4680bd896a351db70495b4,3,1,72,MULTI_FAMILY,CENTRAL,FLOW_WATER_HEATER,NONE,,,0,1,1,0,0,0,0,1,1,1,0,0,1,1,1,0,1,1,0,1,1,2,0,0,0,1,1,1,0,1
e15a1f3a36949ea33371857c483b97dc72279d3c86a8e5d891ffd0100599e69e,1,0,75,MULTI_FAMILY,CENTRAL,CENTRAL_HEATING,NONE,,,0,1,1,0,0,0,1,1,1,0,0,0,1,1,1,0,0,1,0,0,1,1,0,0,0,1,1,1,0,0
c5a9e87e054a85a6884ce05dcb0a08a66bb2d3c124e85aecb350b911dd76fa06,1,0,60,SINGLE_FAMILY,CENTRAL,,,,,1,1,1,0,0,0,1,1,1,1,0,1,1,1,0,0,0,0,0,1,1,0,0,0,0,0,1,1,0,0
9ea69b00940f8ecea90be4c862e6599e21f9a60d4df92d7ec5c01d49e618533b,2,0,140,MULTI_FAMILY,CENTRAL,CENTRAL_HEATING,NONE,,,0,1,1,0,0,0,0,0,1,0,1,0,1,1,0,1,0,1,0,0,1,1,0,0,0,0,1,1,0,0
dc855763e35ff807b03cea634262f13afc6609d163df5097c70d996bc34c8c81,2,0,75,MULTI_FAMILY,CENTRAL;GAS,FLOW_WATER_HEATER,NONE,,,0,1,1,0,0,0,0,1,0,0,0,0,1,1,0,0,0,1,0,1,1,0,0,1,1,1,1,1,1,0
4ebc9ed29b02045aec5c5714790f06fece00b2478c5a09de8d93c383a04c0f0c,3,0,130,MULTI_FAMILY,OIL;CENTRAL,CENTRAL_HEATING;OIL_HEATING_BOILER,CENTRAL_AIR_CONDITIONER,,,0,3,1,1,0,0,2,1,1,1,1,0,1,1,0,1,0,1,0,1,1,1,0,0,0,1,1,1,0,0
912b5c0dce12d56924080e8a517eb992a06a3d5725150812319285083fbe6bce,2,0,95,MULTI_FAMILY,GAS,GAS,CENTRAL_AIR_CONDITIONER,,,0,2,1,2,0,1,3,1,1,0,0,0,1,1,0,0,0,1,0,1,1,2,0,1,1,1,2,1,0,0
cad5e3a2e1861154acb3b132260ce71b576e388e492b6e29af667f29ca9f19ef,3,1,86,SINGLE_FAMILY,GAS,GAS;SOLAR_HEATING,NONE,,,0,1,1,0,0,1,1,1,1,1,0,0,1,1,1,0,0,1,0,1,1,1,0,0,1,1,1,1,0,0
fe0b4c2c46e8e35cad468ce5166e70b786506470cc68da53e1bbe625f30ec645,2,0,56,MULTI_FAMILY,CENTRAL,CENTRAL_HEATING,NONE,,,0,1,0,0,0,0,1,1,1,0,0,0,1,1,1,0,0,1,0,1,0,1,1,1,1,1,1,1,0,0
b774dcafb1f575604c0b38ce153a0f12a06e4ea74a7274154f3a8f56aab2f89b,1,0,54,MULTI_FAMILY,CENTRAL,FLOW_WATER_HEATER,PORTABLE_AIR_CONDITIONER,,,0,1,1,0,0,0,0,1,1,1,0,0,1,1,0,0,1,1,0,1,1,1,0,0,1,1,2,1,0,1
e14027a3fd5ccb1b4e142b19badb75fbdc68c0cf4d5b4cdbacae1f0ceefe91d5,7,3,220,MULTI_FAMILY,OIL,OIL_HEATING_BOILER,NONE,,,0,3,2,0,0,0,3,3,1,1,2,0,3,2,2,0,0,2,0,2,0,1,0,1,1,1,2,3,0,0
55f3ce8f552fd7b915aa708a4e8c9252f53fc99c505909095e93044ef601245b,2,0,160,SINGLE_FAMILY,OIL;WOOD,OIL_HEATING_BOILER,NONE,,,0,1,1,0,0,1,0,0,1,0,1,0,1,2,0,2,0,1,0,1,1,0,0,0,0,1,1,1,0,0
f898b2b3cf87c0102934dd4ae44902f527f6d51af5acdee4322516505d684e42,2,1,69,MULTI_FAMILY,CENTRAL,CENTRAL_HEATING,NONE,,,0,2,1,0,0,0,1,1,1,1,0,0,1,1,1,1,0,0,0,1,1,1,0,1,0,1,1,1,0,0
73e5e1182638766b219cd89c1eaf2eab5abd397e8e8309fbc3b04e46924a338a,1,0,34,MULTI_FAMILY,CENTRAL,FLOW_WATER_HEATER,NONE,,,0,1,1,0,0,0,0,1,0,0,0,0,1,1,0,0,1,1,0,1,0,1,0,0,0,1,1,1,0,1
b6b4e332eab93e8e8c297802b79e6a9e35dc0da98bac295cc801cbab017da5b7,3,1,150,SINGLE_FAMILY,OIL,,NONE,,,0,1,1,1,0,0,0,1,1,1,0,0,1,1,0,1,0,0,0,1,1,1,0,0,0,1,1,1,0,0
46305013bc11312975a3bbc2db25158c6ee30fdc3fc9679dd49157b2a2a71ebd,3,1,80,MULTI_FAMILY,GAS,FLOW_WATER_HEATER,NONE,,,0,1,1,0,0,0,0,1,1,1,0,0,0,1,1,0,1,1,0,1,0,2,0,1,0,1,1,1,0,3
b74768da45c69a3da30447b3550fc4185c6d931bc060aa13e55060b30a6b4ade,3,1,125,SINGLE_FAMILY,GAS,GAS;SOLAR_HEATING,NONE,,,0,3,1,0,0,1,3,1,1,1,0,1,1,1,2,1,0,1,0,1,0,3,0,0,1,1,2,1,0,0
fdc8f3edb2e37542d11a72ee96ee4df8cec5bce0575dcfc813631f1c854ac7dc,3,1,220,SINGLE_FAMILY,CENTRAL,GAS,PORTABLE_AIR_CONDITIONER,,,1,1,1,0,0,1,1,1,1,1,1,0,1,1,1,1,0,1,0,0,1,3,0,0,0,1,2,1,0,0
6f802ae6e6d05a3542826302af297d2ddcf1431441a2fdf26e7f7565db2a2d8e,3,0,180,SINGLE_FAMILY,GAS,FLOW_WATER_HEATER,NONE,,,0,2,2,0,0,0,1,2,1,1,1,0,2,1,1,2,1,1,0,1,1,2,0,1,1,2,1,1,0,1
384cd2376a215bbaa12b6db462f52fcf67f8a3e0b318ac4e49b5fcb5e736184c,1,0,65,MULTI_FAMILY,CENTRAL,,,,,0,1,1,0,0,0,1,1,0,0,0,0,1,1,1,1,0,1,0,1,0,0,0,0,0,1,1,1,0,1
c93cc3c74763faf79c769f711ab4fb6630f9edaec56079485d7b60cf35ddb911,2,,140,SINGLE_FAMILY,GAS,CENTRAL_HEATING,NONE,,,0,3,1,0,0,1,3,2,1,1,0,0,1,1,1,0,0,1,0,0,1,1,0,0,0,1,0,1,0,0
db4eeaa73410909b2c31930cc629add2db4f417263609b42649358cb63fee813,4,,100,MULTI_FAMILY,OTHER;ELECTRIC;PORTABLE_ELECTRIC,FLOW_WATER_HEATER,NONE,Gasofen,,0,1,1,2,0,0,0,1,1,0,1,0,1,1,0,1,1,1,0,0,1,2,2,0,0,1,4,1,1,3
86b2641051f7013cccb476c9a533706071f50883437e2fe667722a83f127fa17,2,0,150,SINGLE_FAMILY,OTHER;OIL,OIL_HEATING_BOILER;SOLAR_HEATING,NONE,Holz,,0,2,1,0,0,1,0,1,1,1,1,0,1,0,0,0,0,1,0,1,1,2,1,0,1,1,1,0,0,1
48b7d53fe421faf632aa3ae8b881dfa8efaf9c00c927c2a27b10d9bd8ebe78b2,2,0,140,MULTI_FAMILY,CENTRAL,CENTRAL_HEATING,NONE,,,0,3,1,0,0,0,0,1,0,0,0,0,1,1,1,1,0,1,0,1,1,0,0,0,1,1,1,1,0,0
6fa9a6b3b969da0042567800c8cee0e48b90d47fb63a6182df36404d94797bb6,2,1,81,MULTI_FAMILY,CENTRAL,CENTRAL_HEATING,NONE,,,0,1,1,0,0,0,1,1,0,1,0,0,0,1,1,0,0,0,0,0,1,1,0,0,0,1,1,1,0,0
172d8ce3e90a0d08ab2a8224e30753c7711965a57cf5abe8a8e848c0c84418ae,4,2,350,SINGLE_FAMILY,HEAT_PUMP,FLOW_WATER_HEATER,NONE,,,0,3,2,0,1,1,1,1,1,1,1,1,1,1,0,1,0,1,1,0,1,1,1,0,1,1,2,1,0,0
29475efb08b0a9a717ad242a20c977650bf73810ae18ad18a562cd8f0eb56e75,1,0,76,MULTI_FAMILY,OTHER,OTHER,NONE,,,0,1,0,0,0,0,0,1,1,0,0,0,1,1,1,0,0,1,0,1,1,1,0,0,1,1,1,1,0,0
8de7194e3f2c9d0f298666736906a3ad2fb1fb79889ef680d4ba16b288b5fab9,5,0,140,MULTI_FAMILY,CENTRAL,FLOW_WATER_HEATER,NONE,,,0,4,1,0,0,0,0,2,1,1,0,0,0,1,1,0,2,1,0,1,1,1,0,0,0,1,5,1,0,1
4ad36a298883fa39f4fc5f7e1ad10aec3f2b01fed7eb32316547697435bd816f,1,0,50,MULTI_FAMILY,HEAT_PUMP,SOLAR_HEATING,NONE,,,0,2,1,0,0,0,1,1,1,1,0,0,1,1,1,0,0,1,0,0,1,1,0,0,0,1,1,1,0,0
ee2e80c3947bd611aa0dfbd40026454c60f8f1adeef24eefe0d746118fc3454b,1,,100,MULTI_FAMILY,GAS,FLOW_WATER_HEATER,NONE,,,0,1,1,0,0,0,1,0,1,1,1,0,1,1,1,1,1,0,0,1,1,1,0,0,1,1,2,1,1,0
d42cd84c969f4b749bfb9e91a53991b62ef2ede42a9ade4d3b4f272a8cb7ef3a,1,0,77,MULTI_FAMILY,CENTRAL,CENTRAL_HEATING,PORTABLE_AIR_CONDITIONER,,,0,3,1,0,0,0,3,1,1,0,0,0,1,1,0,1,0,1,0,0,1,1,0,0,2,1,1,1,0,0
16f1324f2754e8dcba1e781a7f63ad900de9fe1c3271a8cfc2a64f2da4c971b4,1,0,75,MULTI_FAMILY,GAS,GAS,NONE,,,0,1,1,0,0,0,1,1,0,0,0,0,0,1,0,0,0,1,0,0,0,1,0,0,0,1,1,1,0,0
13ea55c22ed23a85768852778c45fc65991c4b91df5286cab6acd919c1dcbd6e,5,3,100,SINGLE_FAMILY,GAS,CENTRAL_HEATING,NONE,,,0,1,1,2,0,1,0,1,1,0,1,0,1,1,0,0,0,1,0,1,0,1,0,0,0,1,1,1,0,0
b877648e2bc60b9c1ced07cbea6e3b8ffce89464b2caae06ad03451e4e98d22a,2,0,210,SINGLE_FAMILY,OIL,OTHER,NONE,,Boiler,0,1,1,0,0,1,1,0,1,1,1,0,1,1,0,1,1,1,1,1,1,1,0,0,0,1,1,1,0,0
bc58479dcb3e92e34d2f23261e5b753f1ad21b8dd2af178c10148d62e6c797da,4,2,150,SINGLE_FAMILY,HEAT_PUMP,FLOW_WATER_HEATER,NONE,,,0,1,1,0,0,1,1,1,1,0,0,0,1,1,1,0,0,1,0,1,1,1,0,0,0,1,1,1,0,0
3dfab957392dcbde70910d790775fcd8a3c13f389c46c56e381ff73ac2933b4b,1,,69,MULTI_FAMILY,OIL;CENTRAL,FLOW_WATER_HEATER,PORTABLE_AIR_CONDITIONER,,,0,2,1,0,0,0,1,1,1,1,0,0,1,1,1,0,1,0,0,0,0,1,0,1,1,1,0,1,0,1
9ca38bc169969a7313c2f119a6085dfe5d4aa0d74f10dd0c0f455212e34d1e9d,2,0,62,MULTI_FAMILY,CENTRAL,FLOW_WATER_HEATER,PORTABLE_AIR_CONDITIONER,,,0,2,1,0,0,0,1,1,1,1,0,0,1,1,1,0,1,1,0,1,0,1,0,0,0,1,1,1,1,0
5720bc82d0b21931d0e7d3e5bbe7426d4b1370d2fc0ce860091dfc750802dd33,4,0,138,SINGLE_FAMILY,GAS,GAS,NONE,,,0,1,1,0,0,0,1,1,0,1,1,0,1,1,1,1,0,1,0,1,1,1,0,0,0,1,1,1,0,0
7b24e89e1c037514f7bb35380fa5ddc8984218997e2c0b7f298a4aca65ab65ef,4,2,96,MULTI_FAMILY,OTHER,FLOW_WATER_HEATER,NONE,,,0,2,1,0,0,0,1,1,1,1,1,0,1,1,0,1,1,1,0,1,1,1,0,1,0,1,1,1,1,0
25230cbbfa7e2c62788143c13c1b95da522d17cdab0dec4d78b24ce2f66e87fe,2,0,65,MULTI_FAMILY,OIL,FLOW_WATER_HEATER,CENTRAL_AIR_CONDITIONER,,,0,2,1,0,0,0,0,1,1,1,0,0,1,1,0,0,1,1,0,1,0,3,0,0,1,1,2,1,1,1
07db61d50cf37dabfaeaee285ada1a36dd8a56dcafa9bc972013e76ef12d8939,1,0,42,MULTI_FAMILY,GAS,CENTRAL_HEATING,NONE,,,0,1,0,0,0,0,1,0,0,0,0,0,1,1,0,1,0,1,0,1,0,0,0,0,0,1,0,1,0,0
1e30c72312188894c147cfc124e6590842b55a8ddeef46d8382ce5a001229dd4,2,0,80,MULTI_FAMILY,,CENTRAL_HEATING,NONE,,,0,1,1,0,0,0,1,1,0,1,0,0,1,1,1,0,0,1,0,1,1,0,0,0,0,1,2,1,0,0
10951b11a501fb81e7ebc708476b4c2a71377379655b0fe308e947802adbf28a,2,0,125,SINGLE_FAMILY,GAS,SOLAR_HEATING,NONE,,,0,4,1,0,0,0,4,1,1,1,0,0,1,1,0,0,0,1,0,1,0,0,1,0,0,0,1,1,0,0
ff6f4cb69bf6cc27d89a45677670045b135b3977d323ad88b249a376c9ed8084,1,0,,SINGLE_FAMILY,WOOD;CENTRAL,CENTRAL_HEATING,NONE,,,0,3,1,0,0,1,0,1,1,0,0,0,1,1,1,0,0,1,0,1,1,1,0,0,0,1,1,1,0,0
5372961c9ac849f984126b61615e55b4a28767929d64e2f3d704ff335ce57a33,2,0,26,SINGLE_FAMILY,CENTRAL,CENTRAL_HEATING,NONE,,,0,0,1,0,0,0,0,1,1,1,0,0,1,1,0,0,0,0,0,0,0,1,0,0,0,1,0,1,0,0
d8ae88e4cc08b8a59c686a3bf6b123ce3cd0b8b1810bb1e84324eb3feb5bda70,3,0,240,MULTI_FAMILY,ELECTRIC,FLOW_WATER_HEATER,NONE,,,0,2,1,1,0,0,0,2,2,2,1,0,0,2,0,1,4,1,0,2,1,1,0,0,0,2,0,2,0,0
62b02c624696342afd432a35cf525dfa97ac42565334fc60739b9a2de3ba6923,3,1,40,MULTI_FAMILY,GAS,GAS,PORTABLE_AIR_CONDITIONER,,,0,1,1,0,0,0,0,0,0,1,1,0,1,1,0,1,0,1,0,1,1,1,0,1,0,1,3,1,0,1
d0d8417283a55ee4f9a7dfd9f343fdc2977827484f3ebe74335c01573e97da59,2,0,80,MULTI_FAMILY,CENTRAL,,NONE,,,1,2,1,1,0,0,2,0,2,0,1,0,1,1,1,1,0,0,0,1,0,1,1,0,0,1,0,1,0,0
65cb8f6229d4f01bd8faedb037daaec35c786adaa20a231fe7b07aeb3c35dc1b,4,1,21,MULTI_FAMILY,WOOD;GAS,GAS,NONE,,,0,3,1,0,0,0,1,1,1,1,1,0,1,1,0,1,0,1,0,1,1,1,0,0,1,1,1,1,0,1
fe270be5a5a126f64b3ffb30330e027317c65c7bee72192be6f8e2711d788afb,2,0,88,MULTI_FAMILY,OTHER,OTHER,NONE,fernwärme,fernwärme,0,2,1,0,0,0,1,1,1,1,0,1,1,1,2,0,0,1,0,1,1,3,1,2,0,1,2,1,0,1
849f99d5e3acd7c2b03dd3c66bdcedcc1f186a015ec238ebe5b6fc57a8137d25,2,1,45,MULTI_FAMILY,,CENTRAL_HEATING,PORTABLE_AIR_CONDITIONER,,,0,1,0,0,0,0,0,1,0,1,0,0,1,1,1,0,0,0,0,1,1,1,0,0,0,1,1,1,0,0
bd224e59028e258d2112c4872dd7aebebabd3e386f921010762b3e7b95c0c1b4,1,0,90,MULTI_FAMILY,CENTRAL,CENTRAL_HEATING,NONE,,,0,1,1,0,0,0,0,1,1,1,0,0,1,1,0,0,0,0,0,1,0,1,0,0,1,0,1,1,0,1
36e08b6bc85afdaa3d34295c479bdc7f484e450021e2941b3e100595ff4f6c11,1,0,76,MULTI_FAMILY,CENTRAL,CENTRAL_HEATING,NONE,,,0,2,1,0,0,0,2,1,1,1,0,0,1,1,0,0,0,1,0,0,0,1,0,0,0,0,1,1,0,1
b31712aff0a90aadcad60dc8d4dd207d83e4cced97f29a4a41f53ee50863f7f0,2,0,75,MULTI_FAMILY,CENTRAL,CENTRAL_HEATING,NONE,,,0,2,1,0,0,0,2,1,0,0,0,0,1,1,1,0,0,0,0,1,1,0,0,0,0,1,2,1,0,0
0d63a31759cbbc36f4d91b57396e66ddbceddf7644e69511e4aaeea0b4d0fc51,1,0,60,MULTI_FAMILY,CENTRAL,FLOW_WATER_HEATER,NONE,,,0,1,1,0,0,0,1,1,1,0,0,0,1,1,0,0,1,0,0,1,1,1,0,0,1,1,1,1,1,0
043c6d59f068a36f815a8736008e2ba8216ceff00aed369e00246b62aa29bece,1,0,60,MULTI_FAMILY,CENTRAL,FLOW_WATER_HEATER,NONE,,,0,1,1,0,0,0,0,1,1,0,0,0,1,1,0,0,1,1,1,1,0,1,0,1,0,1,1,1,1,0
78840e2b4d31262beb21e515e666acd682519b763c894020214cba9b89ffba77,2,0,87,MULTI_FAMILY,CENTRAL,CENTRAL_HEATING,NONE,,,0,1,1,0,0,0,0,1,1,0,0,0,1,1,0,0,0,0,0,1,1,0,0,0,0,1,1,1,0,0
30b008a6dff4e222a6c18947f33b4b4a093f20c54d434141ce91ffa16eb3cae1,2,0,110,MULTI_FAMILY,OIL;ELECTRIC,,CENTRAL_AIR_CONDITIONER,,,0,2,1,1,0,0,1,1,1,0,0,0,1,0,1,1,0,1,0,1,1,1,0,0,0,1,1,1,0,1
0f17398e28eac92406ff396094c55c4cbb2008b940bf33747232c928f213c477,2,0,100,SINGLE_FAMILY,WOOD;CENTRAL,CENTRAL_HEATING,NONE,,,1,2,1,0,0,1,0,1,1,0,1,0,1,1,0,0,0,1,0,1,1,2,0,0,0,0,0,1,0,0
1932ce61bd841ffe4f48ca465c083045f4e5766eb04ab6e0be1ff9b40832318c,2,0,65,MULTI_FAMILY,CENTRAL,FLOW_WATER_HEATER,NONE,,,0,1,1,0,0,0,0,1,0,1,0,0,1,1,0,1,1,0,0,1,1,1,0,0,0,1,1,1,1,0
9acd23b8bd770ac9d90d2814a9c982fae8fd892870d3ec22f6f74ed05cf9090a,5,3,195,SINGLE_FAMILY,CENTRAL,CENTRAL_HEATING,PORTABLE_AIR_CONDITIONER,,,0,1,1,0,0,0,1,0,1,1,1,0,1,1,1,1,0,1,0,1,1,1,0,0,1,1,1,1,1,0
d94bef269394b51c54a4b2df338440a681cdcce2d3053b49062ffabc26124f40,4,2,90,MULTI_FAMILY,GAS,FLOW_WATER_HEATER,NONE,,,0,1,1,0,0,0,0,1,0,0,0,0,0,1,0,0,1,1,0,1,1,1,0,0,0,1,2,0,1,0
23e15879afbbcee43246fe38b27654c4661f75b78eace9ce96d511be01617a96,3,1,185,SINGLE_FAMILY,OIL,OIL_HEATING_BOILER,NONE,,,0,1,1,0,0,2,0,1,1,1,0,0,1,1,0,1,0,1,0,1,1,2,0,0,0,1,1,1,0,0
9374a789f96ee606eedb88bfe12d30fed46b1bc50ad57bb1479e48d4049f4b08,8+,,,,,,,,,0,1,0,0,0,0,0,0,0,0,0,0,1,1,0,1,0,1,0,0,1,0,0,0,0,1,0,1,0,0
ee88d56f0529799c24bb56c1c42bb9f0f40dd50e0075e4049fd11c4cdefa533b,3,1,120,SINGLE_FAMILY,GAS,GAS,PORTABLE_AIR_CONDITIONER,,,0,1,1,0,0,0,0,1,1,1,1,1,1,1,1,1,0,0,0,1,1,1,0,0,0,0,1,1,0,0
6729ff1bfa72d42ca845401aae0e5d537f5664ee30999c7662c4cc7ac7416887,2,0,96,MULTI_FAMILY,WOOD;GAS,,,,,0,1,1,0,0,0,1,1,1,0,1,0,1,1,0,0,1,0,0,1,1,0,0,0,1,1,0,1,1,1
db091e0eb1a6e007b689975cdd703bc5d6d84ead0d44c3d600953825ff2829de,2,0,60,MULTI_FAMILY,CENTRAL,CENTRAL_HEATING,PORTABLE_AIR_CONDITIONER,,,0,1,1,0,0,0,1,1,1,1,0,0,1,1,1,0,0,1,0,1,0,1,0,1,1,1,1,1,0,0
8059a5d3edd6f9f0012b8b58d9551213e8c4d943de8508211856631d0703e989,2,0,90,MULTI_FAMILY,WOOD;ELECTRIC,FLOW_WATER_HEATER,NONE,,,0,3,1,4,0,0,1,1,1,0,1,0,1,0,0,0,2,1,0,1,0,1,0,0,0,0,1,1,0,1
4d1bc0d251d257871ccd13c7f684d87d0a78b3cb191ed1ad4cbb07f4088055d5,5,3,195,SINGLE_FAMILY,GAS,GAS;SOLAR_HEATING,NONE,,,0,1,1,0,0,1,0,2,1,0,1,0,1,1,0,0,0,1,0,1,0,3,0,0,0,0,1,1,0,0
8257c2e8c1d10b226f0bc2fb5a38a69857fdbe1127c4ec98a329606bafe4d1b2,1,0,80,MULTI_FAMILY,CENTRAL,CENTRAL_HEATING,NONE,,,0,1,1,0,0,0,1,1,1,0,0,0,1,1,1,0,0,1,0,1,0,0,0,0,0,1,0,1,0,0
90958bfa4ce54ffdab1f82fb0f0383023d3bd5c9e14e264d1eaa1016cda763f8,2,,,MULTI_FAMILY,CENTRAL,OIL_HEATING_BOILER,NONE,,,0,1,1,0,0,0,0,1,1,0,0,0,1,1,0,0,0,1,0,0,1,1,0,0,0,1,1,1,0,0
b09f445c03914bb837f334c483f55f82a7cfc48b81757dc51d3cb1f1038edbda,4,2,99,MULTI_FAMILY,CENTRAL,CENTRAL_HEATING,NONE,,,0,1,1,0,0,0,0,1,1,1,0,0,1,1,0,0,0,0,0,1,1,1,1,1,0,0,0,1,0,0
669f828099b9aee903052d8061eca33c837525c26b2371913beb832031910708,2,0,75,MULTI_FAMILY,CENTRAL;GAS,FLOW_WATER_HEATER,NONE,,,0,3,1,0,0,0,0,1,1,1,0,0,1,1,0,0,1,1,0,1,0,1,0,0,0,1,1,1,1,1
80cab2b60fa04bc8e29e69e290e569f51cf4f4ac0b3cfc601f0c6204af70cdcb,2,0,62,MULTI_FAMILY,GAS,GAS,NONE,,,0,1,1,0,0,0,1,0,0,1,1,0,0,1,1,1,0,1,0,0,0,1,0,1,0,1,1,1,0,0
15fd12c788d93c397182d67af30b91bd87ecd8583cd919f671d23ff3dbe7d39d,3,0,70,SINGLE_FAMILY,OIL;PELLET,OIL_HEATING_BOILER;FLOW_WATER_HEATER,PORTABLE_AIR_CONDITIONER,,,0,2,1,0,0,2,1,0,1,0,1,0,1,1,1,1,1,1,0,1,1,1,2,1,1,1,1,1,1,2
22351fc3cf5d36a880509b96349c245526a128a13e61b90fa27c2e5010e35ce8,2,1,59,MULTI_FAMILY,CENTRAL,FLOW_WATER_HEATER,CENTRAL_AIR_CONDITIONER,,,0,1,1,0,0,0,1,1,1,1,0,0,1,1,1,0,0,1,0,1,1,1,0,0,0,1,0,1,0,0
e0d7fa05386776ed2cf27c82000f31ae8b86de7d8df00ddf08c53ae04bf668bd,1,0,86,MULTI_FAMILY,OIL,FLOW_WATER_HEATER,NONE,,,0,1,1,0,0,0,0,1,1,1,0,0,1,1,0,0,1,1,0,1,1,1,0,0,1,1,1,1,1,0
bf5c6592f844f5855ac0721e2c36e9c589e1562864a2ab4f90541ecd9a8b825f,2,0,75,MULTI_FAMILY,CENTRAL,CENTRAL_HEATING,PORTABLE_AIR_CONDITIONER,,,0,1,1,0,0,0,1,2,1,1,1,0,1,1,0,0,0,1,0,1,0,3,0,1,1,1,1,1,0,0
7f281bd31f18a43f6ed46e68c014093287dd9ce4ff9f642c1d496c6480dcb49f,2,0,96,MULTI_FAMILY,CENTRAL,CENTRAL_HEATING,NONE,,,0,1,1,0,0,0,1,1,1,1,0,0,1,1,0,0,0,1,0,1,1,0,0,0,0,1,1,1,0,0
247562b8b893019bbe88db6439c4206d1b93997099fd923ee8debc9199f5818a,1,1,105,SINGLE_FAMILY,OIL,OIL_HEATING_BOILER,NONE,,,0,1,1,0,0,0,0,0,0,0,0,0,1,1,0,1,1,0,0,1,0,1,0,0,0,1,0,1,1,0
13e3dd46cda4bdce54f8f5a9ba9122a1ce80942e6f5a364d4c7c95565401d965,1,0,70,MULTI_FAMILY,CENTRAL,CENTRAL_HEATING,PORTABLE_AIR_CONDITIONER,,,0,2,1,0,0,0,1,0,1,1,1,0,1,1,1,1,0,0,0,1,0,2,0,0,0,1,1,1,0,0
3fa3b715d98471a79948f44eb7beecbdd54c595c9dc5a88a7258e6850c40551e,1,0,41,MULTI_FAMILY,CENTRAL,CENTRAL_HEATING,NONE,,,1,1,0,0,0,0,0,0,0,1,0,0,0,1,0,1,0,1,0,1,1,0,0,0,0,1,1,1,0,0
bd090fd9cca3d232991e08a2240017c57809510016a70ea6c7c40c4e4573876a,3,0,100,SINGLE_FAMILY,CENTRAL;GAS,CENTRAL_HEATING,NONE,,,0,1,1,0,0,1,1,1,1,1,1,0,1,1,0,1,0,1,0,1,1,1,0,1,1,1,1,1,0,0
73a02ba91e53aa48cd554aabbd956f03d6ad35b387dad350cc1ada22992c0a37,8+,7+,289,MULTI_FAMILY,GAS,GAS,NONE,,,0,4,1,0,1,1,2,0,1,1,1,0,1,1,0,1,0,1,0,1,1,2,0,1,1,1,3,1,0,0
b5c12bbd70453612aa3320fd83dacc955b86120d2ab86837b8edc1bc7cd4792f,1,0,150,SINGLE_FAMILY,GAS,GAS,CENTRAL_AIR_CONDITIONER,,,0,1,1,0,0,1,1,1,1,1,1,0,1,1,1,1,0,1,0,0,1,1,0,0,1,1,2,1,0,0
f2999d084bc16bdf85d2e65d66700bf2bd0c4a336e02cc7505a829c475575e80,5,3,78,MULTI_FAMILY,CENTRAL,CENTRAL_HEATING;FLOW_WATER_HEATER,NONE,,,0,3,1,0,0,1,2,1,2,1,0,0,1,1,2,0,1,1,0,1,0,1,0,1,1,1,2,1,1,0
7ca807968c4f5ef4de7b528d2dc2ba243b0678ec90f1ceeb4b17c3f5725deddb,2,0,112,MULTI_FAMILY,CENTRAL,FLOW_WATER_HEATER,NONE,,,0,3,1,0,0,0,1,1,1,1,0,0,1,1,1,0,1,1,0,1,1,3,0,0,0,0,0,1,0,1
322703bb5b8902cf364f53ba66357b31b23c1d1037704f1ade85b7e444b955cb,4,2,150,MULTI_FAMILY,GAS,GAS,NONE,,,0,1,1,0,0,0,1,1,1,0,0,0,1,0,1,0,0,1,0,1,0,1,0,0,1,1,1,1,0,0
ca0cd6bc67b7beb9356ce07d8e4620027384dd04c1551b9c088d82394a8dcd8e,2,0,55,MULTI_FAMILY,CENTRAL,CENTRAL_HEATING,NONE,,,0,1,0,0,0,0,1,0,1,0,0,0,1,1,1,1,0,1,0,0,1,1,0,1,1,1,1,1,0,1
6809cdf54456ea5fbc378f4e72307b6f924ca936ccc0ae87b5e3b027965dd77e,4,2,142,SINGLE_FAMILY,HEAT_PUMP,,NONE,,,0,3,1,0,0,1,2,1,1,1,0,1,1,1,2,2,0,0,0,1,1,2,0,0,0,1,1,1,0,0
50363914ec75db4d4441481f9365bffcd1bce92fe37bd503e5ab39165009ec1e,1,0,68,MULTI_FAMILY,CENTRAL,CENTRAL_HEATING,NONE,,,0,1,1,0,0,0,0,1,1,1,0,0,1,1,0,0,0,1,0,1,0,0,0,0,0,1,2,0,0,1
9c56cd50873ab78b8a620118b4834713ec246519cec1c4aa229f3d7c16abcbf5,1,,90,MULTI_FAMILY,CENTRAL,CENTRAL_HEATING,NONE,,,0,1,1,0,0,0,1,1,1,0,0,0,1,1,1,0,0,1,0,1,0,0,0,0,1,1,1,1,0,1
77ececa0677cd5bc5352ae8b084bc312542107ca7e83a6f5d1e343f8129f8a9d,2,0,120,MULTI_FAMILY,CENTRAL,FLOW_WATER_HEATER,NONE,,,0,1,1,0,0,0,0,1,1,1,0,0,1,1,0,0,1,1,0,1,0,0,0,0,0,1,1,1,1,0
f45ea9268b3e10ef8ae5706a923ff0c686e9b3bc85818956ea414346568d0dc6,5,3,180,SINGLE_FAMILY,CENTRAL,GAS;SOLAR_HEATING,NONE,,,0,1,1,0,0,0,1,0,0,1,1,1,1,1,0,1,0,1,0,0,0,0,0,0,0,1,1,1,0,0
72a6d8c0c3ecf599dc0ab412944e5dcc42f37f24ad14426ae246d22a3bd3ba24,4,3,140,SINGLE_FAMILY,CENTRAL,CENTRAL_HEATING,NONE,,,0,0,1,0,0,0,0,1,0,1,0,0,1,1,0,0,0,1,0,0,1,1,0,0,0,0,2,1,0,0
c9c4c1dbb4c2aac87b595224d8cdf7aba7189465fdf4254fc46f34ae4fee8634,2,0,85,MULTI_FAMILY,GAS,GAS,NONE,,,0,1,1,0,0,0,0,1,0,1,0,0,1,1,3,0,0,1,0,1,1,1,0,0,0,1,1,1,0,0
bbf56c11a2f9faaaa28f67b364e3fcb03c4967fcd422e813863e5f63923f25d8,3,1,140,SINGLE_FAMILY,CENTRAL,OIL_HEATING_BOILER,NONE,,,0,1,1,0,1,1,1,0,1,1,1,0,1,1,0,1,0,1,0,1,1,1,1,0,0,1,1,1,0,0
4132a64d374d95eebe61d91bc01064f84f1eee6669bc898da6d639bf637dca98,1,,,,,,,,,0,1,1,0,0,0,0,1,1,0,0,0,1,1,0,1,0,1,0,0,1,1,0,0,0,1,0,1,0,1
34e4e9efb84b37b6ba942e1afcb4e5fb29d0f5476e041483fa9a2a36f044f2fa,2,0,68,MULTI_FAMILY,GAS,GAS,NONE,,,0,1,0,0,0,0,1,1,1,1,0,0,1,1,1,0,0,1,0,1,1,0,0,0,1,0,1,1,0,1
feaecdef77bc6540bd87029abad65fdfe20f0817ed79c77e6d51898663951709,4,0,140,SINGLE_FAMILY,OIL,OIL_HEATING_BOILER;SOLAR_HEATING;FLOW_WATER_HEATER,NONE,,,0,4,1,0,0,2,0,1,1,1,0,0,1,1,1,1,1,1,0,1,1,1,0,0,0,1,3,1,1,0
97992e2da079ae854908eed4845c4c745064797eb4cd05115d6aedc5eef4a4ac,3,1,98,MULTI_FAMILY,GAS,GAS,PORTABLE_AIR_CONDITIONER,,,0,4,1,0,0,0,1,1,1,1,1,0,1,1,0,0,0,1,1,1,1,2,0,0,1,1,3,1,0,1
5bb8c14b307d8c20aa7b0dad91cf1aba53fd57ef8522ef524c6eddea3cff2b8f,4,2,120,SINGLE_FAMILY,OIL,OIL_HEATING_BOILER,NONE,,,0,1,1,0,0,0,1,1,0,1,0,0,1,1,1,0,0,1,0,1,1,1,0,0,0,1,0,1,0,0
18c4766598fb5003268923257064233f07d2c16cf6f242a5c7da7e89268a60ab,4,2,78,MULTI_FAMILY,CENTRAL,FLOW_WATER_HEATER,NONE,,,0,4,1,0,0,0,2,1,1,0,0,1,1,1,1,0,1,0,0,1,0,0,0,0,1,1,1,1,1,1
15fba2ebd07bddd36c0a4f0ae3b296548b70178fab8a69a83ca83984dcbc9437,2,0,110,SINGLE_FAMILY,OIL,,PORTABLE_AIR_CONDITIONER,,,0,2,1,0,0,0,1,1,1,1,0,0,1,1,2,0,0,1,0,1,1,3,0,1,0,0,2,1,0,0
60d717b86cd72ce2247aa689aaa67d6a28eef400e1ea962caa0659cdd98331a8,2,0,120,SINGLE_FAMILY,CENTRAL,CENTRAL_HEATING;GAS,NONE,,,0,1,1,0,0,0,0,0,1,1,0,0,1,1,0,0,0,1,0,1,1,1,0,0,1,1,1,1,0,0
45068c965879b987f141504c32f15abd24aa254cfcac7bc8afcc972d36728e22,4,2,120,SINGLE_FAMILY,CENTRAL,GAS,PORTABLE_AIR_CONDITIONER,,,0,1,1,0,0,1,0,1,0,1,1,0,1,1,1,1,0,1,0,1,0,1,0,0,0,1,1,1,0,0
0cb29d540ac56a3add3d9184981fa055a3fecbfbf5d75b1744eb76c9f0e15093,2,0,85,MULTI_FAMILY,CENTRAL,CENTRAL_HEATING,NONE,,,1,1,1,1,0,0,1,1,1,1,1,0,1,1,0,0,0,1,0,1,0,2,0,0,0,1,1,1,0,0
376f52a1c00653566d6799b54b91438cc54ccc506bd38d1d7bacd7bbaddd234a,1,,65,MULTI_FAMILY,GAS,GAS,NONE,,,0,1,0,0,0,0,1,1,1,0,0,0,1,1,0,1,0,0,0,1,0,1,0,0,1,1,1,1,0,0
4b22fd68e86306a6cc83e2a9631302947741bc39c0e0b1038de97b276db9f0d6,2,0,240,SINGLE_FAMILY,OIL,OIL_HEATING_BOILER,NONE,,,0,1,1,0,1,1,1,0,2,1,1,0,1,1,0,1,0,0,0,1,0,2,0,0,0,1,2,1,0,1
8f9f62c79cc854333d40808956045a90265b8c6b192c14c878de31eb3ff469fe,2,0,93,MULTI_FAMILY,CENTRAL,FLOW_WATER_HEATER,NONE,,,0,1,1,0,0,0,0,1,1,1,0,0,1,1,3,0,2,1,0,0,1,1,0,1,0,1,2,1,2,0
60218f49033484101bab41b82dd5de8aed1e3d921c449c4b36b4cebd7d5415e1,2,0,130,MULTI_FAMILY,CENTRAL,CENTRAL_HEATING,NONE,,,0,3,1,0,0,1,1,0,1,1,1,0,1,1,2,1,0,1,0,1,1,3,0,0,0,1,2,1,0,0
98ff6ab98a2821ac84b4c4b8fd5e7e6445837d8ee25fd195931a2d4ae1098711,1,0,75,MULTI_FAMILY,CENTRAL,CENTRAL_HEATING,NONE,,,0,1,0,0,0,0,1,1,0,0,0,0,1,1,0,0,0,1,0,0,1,0,0,0,1,1,1,1,0,0
9f34db84537fd8095e122b8523c4051a37376db93223cdaed571a28b51b7bea0,4,0,350,SINGLE_FAMILY,OIL,OIL_HEATING_BOILER,NONE,,,0,3,1,0,0,1,1,2,1,1,0,0,1,2,2,0,0,1,0,1,1,0,0,0,0,1,2,1,0,0
326513f4ec3dc5921a5b8b6976ad93892105f71113b90b893a045af1b7e37303,5,2,92,MULTI_FAMILY,OIL;WOOD,OIL_HEATING_BOILER,NONE,,,0,5,1,0,0,0,1,1,1,1,0,0,1,1,1,0,0,1,0,1,2,2,0,1,0,1,2,1,0,5
7475ecb3727b43e7e3e055d2c1bff48fa508074765bbf847db1cd4b8a704135f,2,0,156,SINGLE_FAMILY,GAS,,NONE,,,1,1,1,0,0,0,1,1,0,1,0,0,1,1,1,0,0,1,0,1,1,1,0,0,1,1,1,1,0,0
6973814787b23890cbe1589505c88cb1df2702e6b06096fb4441bb80b3d66442,1,0,58,MULTI_FAMILY,CENTRAL,CENTRAL_HEATING,NONE,,,0,2,1,0,0,0,1,1,1,1,0,0,1,1,1,0,0,1,0,1,1,0,0,0,0,1,0,1,0,0
03583ac75879562c1d472f002409d32011204369c80a31cb38721379f5b7616e,,,,MULTI_FAMILY,CENTRAL,CENTRAL_HEATING,NONE,,,0,1,1,0,0,0,0,1,0,0,1,0,1,0,0,1,0,0,0,1,1,0,0,0,1,1,0,1,1,0
19e0255ca736c760192f356bf7c05ff1e26499cb9267adab8290733c977c08af,1,0,60,MULTI_FAMILY,OTHER,,NONE,Fernwärme,,0,1,0,0,0,0,0,0,0,0,1,0,1,1,0,1,0,0,0,0,0,0,0,0,0,0,1,1,0,0
eee63ed6f8fd7fe9f5cb0e351cb92efbabe2539f31137a7adb1dc6d5d8fe8822,2,2,120,MULTI_FAMILY,OIL,OIL_HEATING_BOILER,NONE,,,0,1,1,0,0,2,1,1,1,0,2,0,1,1,0,2,0,1,0,1,1,4,0,0,1,1,2,1,0,0
f9e1c6b71011b689ea03e073aad74c2bccb3af9e719d5fb3aec49f7f7478436e,2,0,140,SINGLE_FAMILY,HEAT_PUMP,OTHER;CENTRAL_HEATING,NONE,,,0,3,1,1,0,0,1,1,1,1,0,0,1,1,2,0,0,1,1,1,1,2,1,1,1,1,1,1,0,0
9b204ebc954b16ef27ef220963b90a3ab62ad5d40d7449337c5205704c148349,1,,90,MULTI_FAMILY,CENTRAL,FLOW_WATER_HEATER,NONE,,,0,1,1,0,0,0,0,1,1,0,0,0,1,1,0,0,1,1,0,1,1,1,0,0,0,1,1,1,1,0
33d1bcc0f70bdc159043ecc4cd33acc68e73b419390915104e1261b8bbf8a9e5,4,3,90,MULTI_FAMILY,CENTRAL,CENTRAL_HEATING,NONE,,,0,1,1,0,0,1,1,1,1,0,0,0,1,0,1,0,0,1,0,1,1,1,1,0,0,1,1,1,0,1
a62ff07c9a93e69d923b79ffaad847b6bf22d87f1eb9832793049ee10938c8f2,2,0,58,MULTI_FAMILY,GAS,GAS,NONE,,,0,1,0,0,0,0,1,0,1,1,1,0,1,1,0,1,0,1,0,1,1,0,0,0,0,0,0,1,0,0
04c8807dcebdfed241fd29540fd02edf6b99fd9b7a4861ee6b13fd2bb38de4c5,3,1,180,SINGLE_FAMILY,OIL;CENTRAL,CENTRAL_HEATING,PORTABLE_AIR_CONDITIONER,,,0,4,1,1,0,1,1,1,1,1,1,1,1,1,1,1,0,1,0,1,1,2,1,0,1,1,3,1,0,0
1443957708a87a3ad48f17a52cb43d0eaddb6e26cbc6b5091b7db86babdc6fea,1,,120,MULTI_FAMILY,ELECTRIC,CENTRAL_HEATING,NONE,,,0,1,1,0,0,0,0,2,0,1,0,0,1,1,0,0,0,1,0,1,1,1,0,0,0,1,1,1,0,0
4cb2f69901929408f096e2e53d7e31741ef5d25dace4b93d0a76d9cc3310c646,7,3,200,SINGLE_FAMILY,GAS,GAS,NONE,,,1,4,2,0,0,0,1,0,1,2,2,0,2,2,0,3,0,2,0,2,1,1,0,1,1,1,1,2,0,0
eec6cdb5beecb0f59d57416877616addcb4dcaceac31875e0ef7eb8da6e5bf29,4,0,100,SINGLE_FAMILY,CENTRAL;GAS,GAS,PORTABLE_AIR_CONDITIONER,,,0,4,1,0,0,0,3,1,1,1,1,1,0,1,3,2,0,1,0,1,0,1,0,0,1,1,4,1,0,0
913aee74761aedd9a36311702d507d1dc83e64bd2749c9982a049c61089175b3,2,0,140,SINGLE_FAMILY,PELLET,OTHER,NONE,,,0,1,1,0,0,1,0,1,1,1,0,0,1,1,0,1,0,0,0,1,1,1,0,0,0,1,1,1,0,0
96799309b8e08ecc6970085fc891a9e6375542440e59f9cf9582434176e80ae4,3,1,75,MULTI_FAMILY,WOOD;ELECTRIC,OTHER;FLOW_WATER_HEATER,PORTABLE_AIR_CONDITIONER,,Boiler,0,2,1,0,0,0,1,1,1,1,0,1,1,1,0,2,0,0,0,1,1,2,1,0,1,1,1,1,0,1
f0bc6d826aac2916332f2dfea43486b98cb9320293d2dd9a4e676aa6b998cb99,1,0,48,MULTI_FAMILY,CENTRAL,FLOW_WATER_HEATER,NONE,,,0,1,1,0,0,0,1,1,1,1,0,0,1,1,1,1,1,1,0,1,1,1,0,1,1,1,1,0,1,0
7d90e86099adadb0a9938ed7cd1de57c295466543de8f5fd6bdbf33e6bd30138,3,1,150,MULTI_FAMILY,OIL,CENTRAL_HEATING,NONE,,,0,1,1,0,0,0,1,1,1,1,0,1,1,1,0,1,0,1,0,1,1,1,1,0,0,0,0,1,0,0
95e49bf0886f47832968a694d3bc77b6cf779bb0ea177b18529c26d4289514e2,2,,100,SINGLE_FAMILY,GAS,GAS,NONE,,,0,3,2,0,0,1,1,1,2,2,2,1,2,2,0,2,1,1,0,1,2,1,0,0,0,1,1,2,1,1
3f3b55b97b13073950e49b117a6b1e57b494058152f2177fdedacb0d1567f1bf,2,0,79,MULTI_FAMILY,GAS,FLOW_WATER_HEATER,NONE,,,0,3,1,0,0,0,0,1,1,1,1,0,0,1,0,1,1,1,0,1,1,1,0,1,0,1,1,1,1,0
f49148be211602ce5a385e257aba4312965e24169ba027f2c70a3191bac71e13,4,2,115,SINGLE_FAMILY,GAS,GAS;SOLAR_HEATING,NONE,,,0,1,1,0,0,1,1,1,0,0,0,1,1,1,1,0,0,0,0,0,1,1,0,0,0,1,1,1,0,0
ad73ff15fba4a70e95bc4862f0793482900ec37b2d2958e296b566fd32093d41,3,1,140,SINGLE_FAMILY,WOOD;GAS,GAS,NONE,,,0,1,1,1,0,1,1,1,1,1,0,0,1,1,0,0,0,1,0,1,0,1,0,0,0,1,0,1,0,0
a1198669a43cb8a579976a5736e21a25913e79273b33f89f65fb0fb77e5c57a0,3,0,110,SINGLE_FAMILY,CENTRAL,CENTRAL_HEATING,NONE,,,0,3,1,0,0,1,3,2,1,1,1,0,1,1,1,1,0,1,0,1,1,3,0,1,1,1,3,1,0,0
067aff90c4f0d8c1ebe062cf14265775da1970602a8da7ee104ee40f3271c979,1,0,70,SINGLE_FAMILY,WOOD,OTHER,NONE,,,0,1,0,1,0,0,1,1,0,1,0,0,1,1,0,0,0,0,0,0,1,1,0,0,0,1,1,1,1,0
0abf65423d6aa0342657b672336d42a29a35434e20aa6cfb9518934fcfacbff4,2,0,120,SINGLE_FAMILY,OIL;WOOD,OIL_HEATING_BOILER,NONE,,,0,3,1,2,0,1,1,0,1,1,1,1,1,1,2,1,0,1,0,1,1,2,0,0,1,1,0,1,0,1
27aa63b34e4267a2f1978e71e2279e2216b5b0bcc3646887c2fb7baaa4f5f67d,3,0,164,SINGLE_FAMILY,CENTRAL,CENTRAL_HEATING;SOLAR_HEATING,NONE,,,0,1,1,0,0,1,1,1,0,1,1,0,1,1,0,1,0,1,0,1,1,1,0,0,1,1,1,1,0,0
515e890c24d7b9fd0f04b20e46524537c5399e7c7ab05c4988265de11a3bf5d2,2,,135,SINGLE_FAMILY,GAS,CENTRAL_HEATING,NONE,,,0,2,1,0,0,1,1,1,1,1,1,0,1,1,0,1,1,1,0,1,1,1,1,0,0,0,0,0,0,1
848241c414c8a7a90485d6cecf5371626fa85718d053ad98ecdf4630a4d9c5ca,2,0,76,SINGLE_FAMILY,GAS,GAS,NONE,,,0,1,1,0,0,0,1,0,0,1,0,0,1,1,0,0,0,1,0,0,1,1,0,0,0,1,1,1,0,0
8a5e761113511333d7f6fee9149ddcf6b9baa59171fdd12fc5fa7f61a3b25dc5,3,1,100,MULTI_FAMILY,GAS,GAS,NONE,,,0,2,1,0,0,0,2,1,1,1,0,1,1,1,1,0,0,0,0,1,0,1,0,0,0,1,0,1,0,1
01a3c9ebaf5e6f7f63e2ac7fa17445b3d4ebd1ac94c621b785e6090eab1f7912,2,0,100,SINGLE_FAMILY,GAS,GAS,NONE,,,0,2,1,1,0,1,1,1,1,0,1,0,1,1,0,0,0,1,0,1,1,3,0,0,1,1,1,1,0,1
27ea13701dc4e0ad98fa566fbed804b8ab994405e7a42478f96a5a97752fc467,1,0,37,MULTI_FAMILY,CENTRAL,CENTRAL_HEATING;FLOW_WATER_HEATER,NONE,,,0,1,0,0,0,0,0,1,0,0,0,0,1,1,0,0,1,1,0,0,0,1,0,0,1,1,2,1,1,0
258706bf837dd2283873413d5a81404603f13906d3f9c95bd34c807cd91e346f,3,1,82,MULTI_FAMILY,CENTRAL,FLOW_WATER_HEATER,NONE,,,0,1,1,0,0,0,0,1,0,1,0,0,1,1,1,0,0,0,0,1,1,1,0,0,0,1,1,1,0,0
79d1889184ac306425462565d7d57bd18112ede2dbb03019660e9269671acf2b,3,1,125,MULTI_FAMILY,CENTRAL,CENTRAL_HEATING,NONE,,,0,1,1,2,0,0,1,1,1,0,0,0,1,1,1,1,0,1,0,1,1,1,0,0,1,1,1,1,0,0
750280e0f9c08ae2cbd439e4310026536f5795ee9c34fa72edb0185dfb9f4207,5,3,180,SINGLE_FAMILY,CENTRAL,GAS,NONE,,,0,1,1,0,0,0,1,1,1,1,0,0,1,1,0,0,0,0,0,0,1,1,0,0,0,1,1,1,0,0
59260a8d568e66f5bd090a8c126598557623544eeb69cbcda167f076913f8210,5,1,73,MULTI_FAMILY,CENTRAL,CENTRAL_HEATING,NONE,,,0,2,1,0,0,0,0,2,1,1,0,0,1,1,3,0,0,1,0,1,0,0,0,0,0,1,4,1,0,0
0dab1be36c1e92adf43e552e0842a963f846dfe0c6c8455eb0fd0d7b0fa1151e,3,1,104,SINGLE_FAMILY,GAS,GAS,NONE,,,0,1,1,0,0,0,1,0,0,1,1,0,1,1,0,1,0,1,0,1,1,1,0,0,0,0,1,1,0,0
eb4b6c0045e4dc9d7c106ab50e9a67691a27e6741002eec1683d84bdcebe0452,4,2,130,MULTI_FAMILY,WOOD;GAS,GAS,NONE,,,0,1,1,0,0,0,0,1,0,1,0,0,0,1,0,0,0,0,0,1,1,0,0,0,1,1,1,1,0,0
d9107f210e60506809124eceff61af9954a9e089c1847a4257b0ff820ba3e7eb,4,2,200,SINGLE_FAMILY,OIL;CENTRAL,OIL_HEATING_BOILER;SOLAR_HEATING,NONE,,,0,1,1,0,0,1,1,0,1,1,1,0,1,1,0,1,0,0,0,1,1,0,1,0,0,1,1,1,0,0
a2fe59d180c8ee3e8d9d492d63e9557a7e5443da7ae695edc0facd056fa9ea97,2,0,125,SINGLE_FAMILY,OTHER;CENTRAL,GAS,NONE,Gastherme,,0,1,1,0,0,1,1,1,1,1,0,0,1,1,1,0,0,1,0,0,0,2,0,0,0,1,1,1,0,4
a1d1e5f0edddc312da4a040bff8d3352bb6a7b7d6095191d202543bbc3254749,6,4,160,SINGLE_FAMILY,CENTRAL,CENTRAL_HEATING,PORTABLE_AIR_CONDITIONER,,,0,1,1,0,0,0,0,2,0,1,1,0,1,1,1,0,0,1,0,1,1,4,0,0,1,1,2,1,0,1
25593a87ee14f49dc960ac95922c903e896881c81d0aa29a797aeb2ba26614a5,2,0,53,MULTI_FAMILY,OIL,OIL_HEATING_BOILER,PORTABLE_AIR_CONDITIONER,,,0,1,1,0,0,0,0,1,1,0,0,0,1,1,0,0,0,1,0,1,0,1,1,1,0,1,0,1,0,0
b10a3e79d292d15da235948b8da1a4f7146cf7860a81f0191fa2fe4868b5b0b3,4,2,125,SINGLE_FAMILY,CENTRAL,GAS;SOLAR_HEATING,NONE,,,0,1,1,0,0,0,1,1,1,1,1,0,1,1,1,0,0,1,0,1,1,2,0,0,0,1,1,1,0,0
a5824e8bb6b5a8d7db68e338741de7bda4bed2739b4c05157179152b7834a640,2,0,76,MULTI_FAMILY,CENTRAL,CENTRAL_HEATING,NONE,,,0,1,0,0,0,0,1,0,1,0,1,0,1,1,0,1,0,1,0,1,1,0,0,1,0,1,1,1,0,0
fda593bbe85cc0437b303d228285bce82329a664829ab3f3f2826dfded3bd684,4,2,190,SINGLE_FAMILY,WOOD;PELLET,CENTRAL_HEATING;SOLAR_HEATING,NONE,,,0,1,1,0,0,1,1,1,1,1,1,0,1,1,0,1,0,1,0,1,1,1,0,0,1,0,1,1,0,0
f1d82035c6b6aed12f831c27fe8ae9e80dac7e12a7cc4cbca6270be1264e275f,3,1,80,MULTI_FAMILY,OTHER,OTHER,PORTABLE_AIR_CONDITIONER,,,0,1,1,0,0,0,0,1,0,0,0,0,1,1,2,0,0,1,0,1,0,1,0,1,0,1,2,1,0,0
e77cc87d633504204dde8c1a60a630d86b5ed56e5f9bbc144fac48922795453d,2,0,120,SINGLE_FAMILY,OIL,OIL_HEATING_BOILER,NONE,,,0,3,1,0,0,1,0,1,1,1,1,1,1,1,1,0,0,1,0,1,1,2,0,0,1,1,2,1,0,0
9b3405baeabe2091b9cd7f1dd572b119732470e8fcad27d52e94b474c1e27b6e,3,1,,SINGLE_FAMILY,,,,,,0,3,1,0,0,1,2,1,1,1,1,1,1,2,2,1,0,1,0,1,1,2,0,0,0,1,1,1,0,0
978c30ccdaf1f6d831c7ab7d7d796df989c10efd30b58c0919adde6823afec4d,3,0,83,MULTI_FAMILY,GAS,FLOW_WATER_HEATER,NONE,,,0,1,1,0,0,0,1,1,0,1,1,0,1,1,1,1,0,0,0,1,1,0,0,1,0,1,1,1,1,0
ea942de83d5d187958afba2eaf313ae71caaa40e23a5d7a4d94a63f27c23546f,2,0,100,SINGLE_FAMILY,OIL;CENTRAL,OIL_HEATING_BOILER,NONE,,,0,2,1,0,0,3,1,0,1,1,1,0,1,1,0,1,0,1,0,1,1,1,1,1,0,0,1,1,0,0
592f5c7918403feb485a22a513a8b08fbf081e1b47a6d81aa0610f8714627019,1,0,50,MULTI_FAMILY,GAS,GAS,NONE,,,0,2,0,1,0,0,1,1,0,0,0,0,1,1,1,0,0,0,0,0,0,0,0,0,1,0,1,1,0,0
e8e264b5543b71c55cb6902024b871d402501b4567ed30db9b1ed7ccbd30c41f,3,1,110,SINGLE_FAMILY,OIL,FLOW_WATER_HEATER,NONE,,,0,1,1,0,0,1,1,2,1,0,1,1,1,1,1,2,1,1,0,1,1,1,0,1,1,1,1,1,1,0
0612993e144ad7a9cc0260321e703b98366bd9a24c4cd92478f7bc61287b8ddc,4,2,100,SINGLE_FAMILY,CENTRAL,CENTRAL_HEATING,NONE,,,0,1,1,0,0,0,1,1,0,1,1,0,1,1,0,0,0,0,0,0,1,1,0,0,0,0,1,1,0,0
4b69a39ba17fdf2a87ea805675cad2f731439534a94fd5f1ce89d011b866b228,5,3,134,SINGLE_FAMILY,CENTRAL;HEAT_PUMP,CENTRAL_HEATING,NONE,,,0,0,1,0,0,0,0,2,1,1,0,0,1,1,0,0,0,1,0,1,1,1,1,0,0,1,0,1,0,0
3fb3eba2b11cfcf1f5ad219c24960de524dc3f35ff45259de2496635320b0f11,3,0,80,MULTI_FAMILY,CENTRAL,FLOW_WATER_HEATER,NONE,,,0,3,1,0,0,0,3,1,1,0,1,0,1,1,2,0,2,1,0,1,1,6,0,0,2,1,1,1,1,1
1f52c067942318d74f64d7546a9c312bdc301e69b0aac0d6b4791008e532f355,2,,135,SINGLE_FAMILY,OTHER,OTHER,NONE,Fernwärme,Fernwärme,0,2,1,0,1,1,0,0,1,0,1,1,1,1,0,1,0,1,0,1,1,1,0,0,1,1,1,0,0,0
92ba41776f81ef5735ac1f676ae466045b789c03c326bacaa250191ee966b7c7,3,1,110,SINGLE_FAMILY,CENTRAL,CENTRAL_HEATING,NONE,,,0,1,1,1,0,0,1,1,1,1,1,0,1,1,0,1,0,1,0,1,1,1,0,0,0,1,1,1,0,1
1971b58df5f45d367729cba5c2ac64b1be2900eeb0deea082916f55659fed0ed,2,0,70,SINGLE_FAMILY,WOOD,FLOW_WATER_HEATER,NONE,,,0,1,1,1,0,0,1,1,1,0,0,1,1,1,0,0,1,1,1,1,1,1,1,0,1,1,1,1,1,0
a33205547bc8b7d658ac05a71600a53a1277d10cad220bc24a7eea82a2972779,2,0,160,SINGLE_FAMILY,CENTRAL,CENTRAL_HEATING,PORTABLE_AIR_CONDITIONER,,,0,1,1,0,0,0,1,1,0,1,1,0,1,1,0,1,0,1,0,0,1,1,0,0,0,1,1,1,0,0
a149e9b764d6deaf7b036b0f9dbe04e4c25a584220ddca390daad15e3995d956,4,1,160,MULTI_FAMILY,OIL,FLOW_WATER_HEATER,NONE,,,0,1,1,0,0,0,1,1,0,1,0,0,1,1,1,1,0,1,0,1,0,1,0,0,0,1,1,1,1,0
3edc0fb133f97162c344aeb7a796fcbec8a1aea9385c19232e07e69a9b76223d,2,0,80,MULTI_FAMILY,CENTRAL,FLOW_WATER_HEATER,NONE,,,0,1,1,0,0,0,0,1,1,1,1,0,1,1,1,1,1,1,0,1,1,1,0,0,1,1,2,1,1,0
fcf935d5aae8ca354ac57959d66a753b2dd8b67aca2f07777dad0ced7a7ac992,3,0,75,MULTI_FAMILY,CENTRAL,CENTRAL_HEATING,NONE,,,0,3,1,0,0,0,1,1,1,1,0,0,0,1,0,0,0,1,0,1,1,1,0,1,1,1,1,1,0,1
473d2879a8ec103248030fa463455e8f70dec2fa2dada43e7b62a9af2dcabb99,2,0,100,SINGLE_FAMILY,OIL;CENTRAL,OIL_HEATING_BOILER,NONE,,,0,2,1,0,0,1,1,0,1,1,1,0,1,1,0,1,0,1,0,1,1,0,0,1,1,1,1,1,0,0
4aaf88e040eaac204064da086c78527e1be16aa7add3c6061f8da4059a9c2121,4,2,250,SINGLE_FAMILY,CENTRAL;PELLET,CENTRAL_HEATING,NONE,,,0,2,1,0,0,2,1,1,2,0,1,0,1,1,1,1,0,1,0,1,1,3,0,0,0,1,1,1,0,0
2ad966947ff6da8815576e0f5a1b564aa0534f1ea8d43986e8a78b369337f301,4,,196,SINGLE_FAMILY,OIL,CENTRAL_HEATING,NONE,,,1,3,1,2,0,0,3,2,1,0,0,0,1,1,2,1,0,1,0,1,1,1,0,0,1,1,2,1,0,1
796992788aef46faaaca1f084c48a2e69a5779bfc24fee348b1aee78e3826f78,3,1,79,MULTI_FAMILY,CENTRAL,CENTRAL_HEATING,NONE,,,0,3,1,0,0,0,1,1,1,0,1,0,1,1,1,0,0,1,0,1,1,3,0,1,1,1,1,1,0,1
9febd77aa402934ea12e1c525446d0c9fa34e9c9bd23750545c5a364d7c07d2a,1,0,110,SINGLE_FAMILY,OIL,FLOW_WATER_HEATER,NONE,,,0,2,1,0,0,1,0,0,1,1,1,0,1,1,0,1,2,1,0,1,1,1,0,0,0,1,1,1,1,0
71649ccf0dccc9c6af58f1584d4d6605ce1b3bf50b90e18888623ccd733aae60,,,,SINGLE_FAMILY,,,,,,0,4,1,0,0,0,0,1,1,0,0,0,1,2,1,0,3,1,0,1,1,1,0,0,0,1,1,1,1,0
c7fa41d455b28fbead736862319d036c56199f66eecb84b8ef8a1e3cd9e3630d,2,0,60,MULTI_FAMILY,CENTRAL,CENTRAL_HEATING,NONE,,,0,0,1,0,0,0,0,1,0,0,0,0,1,1,0,0,0,1,0,1,1,1,0,0,0,1,2,1,0,0
c8a2df0811ee11c40cadc5723c9acc942ae491281ac6529debc57fd295286415,5,3,100,SINGLE_FAMILY,OIL,FLOW_WATER_HEATER,NONE,,,0,1,1,0,0,1,0,1,0,1,0,0,1,1,1,1,1,1,0,1,1,1,1,0,1,1,1,1,1,0
ade82dd01ce98dcdc0f82394e81164447c269d5e112a0ce33a424320d99d4b4c,4,2,160,SINGLE_FAMILY,CENTRAL,GAS,NONE,,,0,0,1,0,0,0,0,1,1,1,0,0,1,1,0,1,0,1,0,1,1,1,0,0,0,1,1,1,0,0
a16635e5acf0c689f62c87674f53779581800bc161a60646416b28cdb4cccc1b,3,1,70,MULTI_FAMILY,CENTRAL,CENTRAL_HEATING,NONE,,,0,2,1,1,0,0,0,0,1,1,1,0,1,1,1,1,0,0,0,1,1,0,1,1,0,1,1,1,0,1
90979af732104918bdc5d672d3d9e7c0ad5fc5a6bb3eda9a8b434ea1868e78a2,1,0,80,MULTI_FAMILY,CENTRAL,FLOW_WATER_HEATER,NONE,,,0,1,1,0,0,0,1,1,0,1,0,0,1,1,0,0,0,1,0,1,1,0,0,0,0,0,0,1,1,0
9bded0a9ffa2d5dc0e73d7d61deaaae5d6bf4e7ae2581ae5e58664a334e5c594,2,0,,MULTI_FAMILY,CENTRAL,FLOW_WATER_HEATER,NONE,,,0,1,1,0,0,0,0,2,0,0,0,0,1,1,0,0,1,1,0,0,0,1,0,0,0,1,2,1,1,1
00fadfcce77cc654788f8e1e368aaffde4730b709a16caf38d04134516dba3f2,4,1,250,MULTI_FAMILY,CENTRAL,CENTRAL_HEATING,NONE,,,0,3,1,0,0,1,1,1,2,1,0,1,2,1,2,2,0,1,0,2,0,2,0,0,0,2,2,2,0,1
263b127ccdcbeb79147285ef693449fc26d7926bfe4b0ee76c9135603c6d1fd2,2,0,84,MULTI_FAMILY,CENTRAL,CENTRAL_HEATING,NONE,,,0,2,1,0,0,0,1,1,1,1,0,0,1,1,0,0,0,1,0,1,1,1,1,0,0,1,2,1,0,0
3e48fc832abd4d8ca6ad11aa2b4c1db61a4d14a76740ace422910053be50879f,1,0,45,MULTI_FAMILY,CENTRAL,CENTRAL_HEATING,NONE,,,0,0,0,0,0,0,1,0,0,0,0,0,0,0,0,0,0,0,0,0,0,0,0,0,0,0,0,0,0,0
72d3f204d53c0aa19fe0f389707179aef7d840e8dafda7f7c627e787e58a0bdf,4,2,112,MULTI_FAMILY,OIL,OIL_HEATING_BOILER,NONE,,,0,1,1,0,0,0,1,1,1,0,1,0,1,1,1,1,0,1,0,1,1,1,0,0,1,1,1,1,0,0
4bb7c43b7410ef9ca92a3c802afde05c62b3397c5949bea3d1e7e824b522cf18,1,0,60,MULTI_FAMILY,CENTRAL,FLOW_WATER_HEATER,NONE,,,0,1,0,0,0,0,1,1,1,0,0,0,1,1,1,0,2,1,0,1,1,0,0,1,1,1,2,1,0,1
9ddfd770519bf44e47af544ca08013adbaed777432ab1a37c97f8d6d9b4ef0ca,4,2,120,SINGLE_FAMILY,OIL,OIL_HEATING_BOILER,NONE,,,0,2,1,0,0,1,1,0,0,1,1,0,1,1,1,1,0,1,0,1,1,1,0,0,1,1,1,1,0,0
70f09228a98178ddc1cbc8c068ff2d5698c480ed7200c7297a38b26999d688f4,2,0,80,MULTI_FAMILY,CENTRAL,FLOW_WATER_HEATER,NONE,,,0,1,0,0,0,0,1,1,0,0,0,0,1,1,0,0,1,1,0,1,1,0,0,0,1,1,1,1,1,0
d009e1ea325779ee941828cf7af1b202904d007ac0f4c8b458938b39fe5e428d,2,0,70,MULTI_FAMILY,OIL,FLOW_WATER_HEATER,NONE,,,0,1,1,0,0,0,1,1,0,0,0,0,1,0,0,0,1,0,0,1,1,2,0,0,0,1,1,1,0,0
722d413e82152894666da9c5d7280fd2c4ab7abb299e08d2525be9ac93c63b00,3,1,150,SINGLE_FAMILY,CENTRAL;GAS,GAS,NONE,,,0,1,1,0,0,1,0,1,2,1,1,0,1,1,0,1,0,1,0,1,1,1,1,0,1,1,1,1,0,0
ba1d07fc6b61d56247c9e917df346a176aab23a1ae311c669ecbe7b8d751814f,3,0,240,SINGLE_FAMILY,OIL,CENTRAL_HEATING,NONE,,,0,1,1,0,0,1,1,1,0,0,1,0,1,1,0,0,0,1,0,1,0,1,0,0,1,1,0,1,0,0
28cf3227119e3dd9975ee210c5ababaa94476ec915e7af918ae000397264dc85,4,2,90,MULTI_FAMILY,CENTRAL,FLOW_WATER_HEATER,NONE,,,0,1,1,0,0,0,0,1,1,1,0,0,1,1,1,0,1,1,0,1,1,0,0,0,1,1,1,1,1,0
805ac6037ab3ea90438aa086ac025d9d51071ccd3aafb407b690ad41d03d6daa,1,0,58,MULTI_FAMILY,CENTRAL,CENTRAL_HEATING,NONE,,,0,1,0,0,0,0,1,1,1,1,0,0,1,1,0,0,0,1,0,1,1,1,0,0,1,1,1,1,0,0
8e20e2fc699b6de691d52378e56499331bbdf5a26b1764bcde9e79bfc1fb4b74,3,1,120,SINGLE_FAMILY,OIL,OIL_HEATING_BOILER,NONE,,,0,1,1,0,0,1,0,1,1,1,0,0,1,1,1,0,0,1,0,1,0,0,0,0,1,1,1,1,0,0
c721ec6455a536efcc687c0321f151e00531513bd614e377b21967faeb831f0a,2,0,120,SINGLE_FAMILY,GAS,GAS,NONE,,,0,1,1,0,0,0,1,1,1,0,1,0,1,1,1,0,0,1,0,1,0,1,0,0,1,1,1,1,0,0
f0545821ea1134bfca4294fe05c77b0f46f3a03566f3b9a84160f29a115d61f7,3,1,100,MULTI_FAMILY,CENTRAL,CENTRAL_HEATING,NONE,,,0,1,1,0,0,0,0,1,1,1,0,0,0,1,0,0,0,1,0,1,1,1,0,0,0,1,1,1,0,0
c3761619a69ce958bce76374c02719e9e52ece352f55a632ebb365030d183ee7,1,0,24,SINGLE_FAMILY,HEAT_PUMP,FLOW_WATER_HEATER,CENTRAL_AIR_CONDITIONER,,,0,1,1,1,0,1,1,1,1,0,0,1,1,0,0,0,1,0,0,1,0,1,0,1,1,1,1,1,1,0
95fbba1d8f359f5f66d42293650fbab0f5c0a44f3e5713fa901524b1d1661cb5,2,0,70,MULTI_FAMILY,CENTRAL,CENTRAL_HEATING,NONE,,,0,1,1,0,0,0,0,1,0,1,0,0,0,1,1,0,0,1,0,0,1,0,0,0,0,1,0,0,0,0
034e30ff72024f4361584f3d3f9ec61f53477046c0bd58ddebf4650acf9b9f46,2,0,180,SINGLE_FAMILY,GAS,GAS,NONE,,,0,1,1,0,0,1,0,1,1,0,0,0,1,1,1,0,0,0,0,1,0,0,0,0,1,1,1,1,0,0
f458e851c8c76911f833d07a9e542283fc2d2390b6b64e36128e38c60997f103,4,2,124,SINGLE_FAMILY,GAS,SOLAR_HEATING,NONE,,,0,1,1,0,0,1,1,1,1,0,1,1,1,1,0,1,0,1,0,0,0,1,0,0,1,1,1,1,0,0
88a1951c7ec79695c440240a60f552b2a51a93f2b54472343ad2bed54e80a991,1,0,55,MULTI_FAMILY,GAS,FLOW_WATER_HEATER,NONE,,,0,1,1,0,0,0,1,0,1,0,0,0,0,1,0,1,1,1,0,0,0,1,0,1,0,0,0,0,0,1
fab957507e1d6ef8bbdbd65bd4aaaee64e958bb31d8b09909621895054c24290,1,0,50,MULTI_FAMILY,CENTRAL,CENTRAL_HEATING,PORTABLE_AIR_CONDITIONER,,,0,1,1,0,0,0,1,1,1,1,0,0,1,1,0,0,0,1,0,1,1,1,0,0,0,1,0,1,0,0
b5f44e94c624c43f6f5eb0ea0882eab44b2b7c0b6001323f03bb8a2f86297c6d,2,0,100,MULTI_FAMILY,CENTRAL,CENTRAL_HEATING;GAS,NONE,,,0,2,1,0,0,0,0,1,0,1,0,1,1,1,1,1,1,0,0,1,0,1,0,0,0,1,0,1,0,0
2a107ba5f6e41525cc8510949fb4ee64d5f4ee09a391eb42901c924f15042892,1,0,136,MULTI_FAMILY,CENTRAL,CENTRAL_HEATING,NONE,,,0,1,1,0,0,0,1,1,1,0,1,0,1,1,0,1,0,1,0,0,0,1,0,0,1,1,0,1,0,0
8df43b4716e87974f0d97c976ccdf2bec85fd9e7331fbfe2027cf0bdb50464ce,4,2,106,SINGLE_FAMILY,GAS,FLOW_WATER_HEATER,NONE,,,0,1,1,0,0,0,1,1,1,1,0,0,1,1,1,0,1,1,0,0,1,2,0,0,1,1,2,1,1,0
355d56c9427af3e9f6f2516e601613bd8a7b6886fac30c6aca7e26787871b945,4,2,90,MULTI_FAMILY,GAS,FLOW_WATER_HEATER,NONE,,,0,1,1,0,0,0,1,1,1,1,0,0,1,1,0,1,1,0,0,1,0,0,0,0,0,0,0,1,1,0
385d165609507526116736fd36f823c83fdb2d618cd6b6a1c9a66b6127ebd61b,5,2,200,SINGLE_FAMILY,OTHER,OTHER,NONE,Geothermie,Geothermie,0,4,1,0,1,0,0,1,1,1,1,0,1,2,0,0,0,1,0,1,1,1,0,1,0,0,1,2,0,0
8da6484bd145615e8a391c91b2ee92d88d1fd01014b8339adc0c4ab05e5f6962,2,0,200,MULTI_FAMILY,HEAT_PUMP,SOLAR_HEATING,CENTRAL_AIR_CONDITIONER,,,0,1,1,1,0,0,1,1,1,1,0,0,1,1,0,0,0,1,0,1,1,1,0,0,0,1,1,1,0,1
edfb378152b7bc3e418035e4af80d7bd9c172c0803a64d5167a29fff4a5af622,2,0,55,MULTI_FAMILY,CENTRAL,CENTRAL_HEATING,NONE,,,0,0,0,0,0,0,0,1,1,0,0,0,1,1,0,1,0,1,0,1,1,0,0,1,0,1,3,1,0,0
0a54c2a44e6c4383c03c1a006c200a21b72ad2609558e43b498ed339c7de6918,3,1,150,SINGLE_FAMILY,GAS,GAS,NONE,,,0,2,1,0,0,0,2,1,1,1,0,1,1,1,1,0,0,1,0,1,0,4,0,0,1,1,3,1,0,0
20eb4919620d8499cd06f24ab67ffbb006f1a2bd37a6717980018c7c149191cc,2,0,134,MULTI_FAMILY,CENTRAL,CENTRAL_HEATING,NONE,,,0,1,1,0,0,0,1,1,1,0,0,0,1,1,0,0,0,1,0,1,1,1,0,0,1,1,1,1,0,0
8201b8e1354ac75f7d8cf178ddbab3c24c57de0fe5d95d461ef49c12bc3b1d28,3,1,100,MULTI_FAMILY,GAS,GAS;FLOW_WATER_HEATER,NONE,,,0,1,1,0,0,0,1,1,1,1,0,0,1,1,1,1,0,1,1,1,1,1,0,0,0,1,1,1,0,0
3e92876d870824eadc8129cb1a9159409d60b52d9bfae20c20bc2739e1dd4162,3,2,88,MULTI_FAMILY,CENTRAL,CENTRAL_HEATING,NONE,,,0,3,1,0,0,0,0,1,1,1,0,0,1,1,1,0,0,1,0,1,0,1,0,0,1,1,0,1,0,1
43e427c762f19792f6af240c5e7f1d089278f4051fa7f8946f954c7fb36c4d8e,2,0,60,MULTI_FAMILY,ELECTRIC,FLOW_WATER_HEATER,NONE,,,0,1,1,1,0,0,1,0,1,0,2,0,1,1,0,1,1,1,0,1,1,1,1,1,1,1,1,1,1,0
1752a3bae73d9e90872d7556e25829e4454215c49734c172e01d8b29b58c16fd,1,0,150,SINGLE_FAMILY,GAS,GAS,NONE,,,0,1,1,0,0,1,1,0,1,1,0,0,1,1,0,1,0,1,0,1,0,1,0,0,0,1,1,1,1,0
63a987c4bed70f55f8b97f943f600313f03caefb28463115afec3ddb89380694,2,0,100,SINGLE_FAMILY,CENTRAL;GAS,FLOW_WATER_HEATER,NONE,,,0,1,1,0,0,0,0,0,1,0,0,0,1,1,0,1,1,1,0,1,0,1,0,0,0,1,1,1,1,0
2cef25a2b1df111f408d15cb83741dddb030ba93226e9825a534814a352e42dc,2,0,58,MULTI_FAMILY,CENTRAL,CENTRAL_HEATING,NONE,,,0,2,0,0,0,0,0,1,1,0,0,0,1,1,1,0,0,1,0,1,1,2,0,1,0,1,1,1,0,1
9db8ba7c5a48b39d1b878da47bfbfd2b88e31fb8257dcb7afefee8f409669d14,2,0,91,MULTI_FAMILY,CENTRAL,CENTRAL_HEATING,NONE,,,0,1,1,0,0,0,0,1,0,1,0,0,1,1,0,0,0,1,0,1,1,1,0,1,1,1,1,1,0,0
35c7a67b39a195cafe0818f04417beecef29189cd2a6b33b1c5b7d7e68c5314d,3,0,62,MULTI_FAMILY,CENTRAL,OTHER,NONE,,,0,3,1,0,0,0,3,1,1,1,0,0,1,1,2,0,0,1,0,1,0,3,0,0,1,1,2,1,0,0
c73c904c9d81c76d16d929dce7cbf186306f78d9569f48f98951b29f22ab1f6d,2,0,80,MULTI_FAMILY,CENTRAL,FLOW_WATER_HEATER,NONE,,,0,1,1,1,0,0,1,1,1,1,0,0,1,1,3,0,1,0,2,1,1,0,1,0,1,1,0,1,1,1
4e210de8fd1a5a55ccf53c20eae0be08a0134f35a275087e4b17b4dfca91bee2,4,2,144,SINGLE_FAMILY,GAS,GAS,NONE,,,1,2,1,0,0,0,0,1,1,1,0,1,1,1,3,0,0,1,0,1,0,2,0,0,0,1,3,1,0,1
4633e781f9c62c2c8568f1e9af44a3cc243a5cccf5f83f8e48307b114ca1289d,4,3,120,MULTI_FAMILY,CENTRAL;ELECTRIC,FLOW_WATER_HEATER,NONE,,,0,1,1,2,0,0,0,1,1,1,0,0,1,1,0,0,2,1,0,0,1,1,0,0,1,1,1,1,1,0
85fc8d4c066c3e2cda5dc5e1855e5fb90223c2f48beedf94c5c43966a72c2158,2,0,,SINGLE_FAMILY,OIL;WOOD,OIL_HEATING_BOILER,NONE,,,0,1,1,0,0,0,0,0,0,1,1,0,0,1,0,1,0,0,0,1,1,0,0,0,0,1,1,0,0,0
218857bd08363e0ef3592159aefe81e41f5b4ee210c923f41de8d049d2a85bc4,4,2,81,SINGLE_FAMILY,CENTRAL,OIL_HEATING_BOILER,NONE,,,0,1,1,0,0,0,0,1,1,0,0,0,0,1,1,0,0,1,0,1,1,1,0,0,0,1,1,0,0,0
be8bf1037a783967ee7a5ea80d2c70c4b8b5806b53621521d227c25d69056d91,3,0,70,MULTI_FAMILY,OIL,OIL_HEATING_BOILER,PORTABLE_AIR_CONDITIONER,,,0,3,1,0,0,2,3,0,1,0,1,0,1,1,1,1,1,1,0,1,1,1,2,1,1,1,1,1,1,0
cfb5241e9b1779ef874da6233210cdeb8ba0ddc3decd8ed073f5d894bba0cb2e,4,0,86,MULTI_FAMILY,CENTRAL,CENTRAL_HEATING,NONE,,,0,3,1,0,0,0,2,1,1,1,1,0,1,1,2,1,0,1,0,1,1,1,0,0,2,1,3,1,1,0
05da55ef7cd46219d53dbde1d3d813c34fb067704dfc7d1368b6291f5e69df87,3,0,130,SINGLE_FAMILY,OIL,OIL_HEATING_BOILER,NONE,,,0,3,1,1,0,2,2,1,1,1,1,0,1,1,1,0,0,1,0,1,1,1,0,0,1,1,2,1,0,1
1684a92ac7376ca04d1fdcc3c9b41991fa7c8539454cc3d001859bafb578127f,6,4,150,SINGLE_FAMILY,CENTRAL;PELLET,CENTRAL_HEATING;SOLAR_HEATING,NONE,,,1,3,0,0,0,1,1,0,0,0,1,0,1,1,0,1,0,1,1,0,1,1,0,0,1,1,1,1,0,0
ed7d58b332bc232ce26f154b75825d1a7c8f8ab5e2835c6c936a93cc503b72e7,2,0,87,SINGLE_FAMILY,CENTRAL,CENTRAL_HEATING,NONE,,,0,1,1,0,0,0,0,1,1,1,0,0,1,1,0,0,0,1,0,1,1,1,0,1,1,1,1,1,0,0
fadda158fe9322df466ccedf3d5c73f871ac0ebbd63a085c02af64ed721f2a29,3,1,95,MULTI_FAMILY,GAS,GAS,NONE,,,0,2,1,0,0,0,1,0,1,1,1,0,1,1,1,1,0,1,0,1,1,0,1,0,1,1,1,1,0,0
efb32a7b02f07f563659fcfaaf284ae5afc68beab5d72289456245ea9c9989c1,2,0,,MULTI_FAMILY,CENTRAL,FLOW_WATER_HEATER,NONE,,,0,1,1,0,0,0,0,1,0,0,0,0,1,0,0,0,1,1,0,1,1,0,0,0,0,1,1,1,1,0
982849a5f82a78ebdca49e5b27a0a348f1a277d08dd9d9ca9de388e9b9597629,1,0,63,MULTI_FAMILY,CENTRAL,FLOW_WATER_HEATER,NONE,,,0,1,1,0,0,0,1,1,1,1,0,0,1,0,0,0,1,0,0,1,0,0,0,0,0,1,1,1,1,0
e5d35af8c14578d0936fa781d30f543069ae45d430186fe5a3c2a49c17ba7582,3,1,300,SINGLE_FAMILY,WOOD;CENTRAL;GAS,GAS,NONE,,,0,3,1,0,0,1,1,0,1,1,1,1,1,1,0,1,0,1,0,1,1,1,1,0,0,1,1,1,0,0
ff83be5d66f13aa71b8e1c8ea3a4404e3e4c16cecb33f0871521795f3969a6a4,8+,0,250,SINGLE_FAMILY,CENTRAL,OIL_HEATING_BOILER,NONE,,,0,7,2,0,0,1,7,4,3,2,1,0,2,2,2,1,0,2,0,2,2,2,0,1,1,3,1,2,0,1
b49f51f337da8a2d9f4970bc39f20ad1ac588685079a614550b30524029b12c4,4,1,75,SINGLE_FAMILY,OIL,FLOW_WATER_HEATER,NONE,,,0,4,1,0,0,0,4,1,1,1,1,1,1,1,2,2,1,1,0,1,1,2,0,0,1,1,2,1,1,0
679ce965460cac73627642030ae10b775ce3d568201d311cc2dcb125b26cdc1d,1,0,96,MULTI_FAMILY,CENTRAL,FLOW_WATER_HEATER,NONE,,,0,1,1,0,0,0,1,1,1,0,0,0,1,1,1,0,1,1,0,1,1,1,0,1,0,1,2,1,1,0
03c01978693b4b398c53dcc001264273a40358978fc12a3a70b64fefff94f887,2,0,95,MULTI_FAMILY,CENTRAL,CENTRAL_HEATING,NONE,,,0,1,1,0,0,0,1,2,1,0,0,0,1,1,1,0,0,1,0,1,1,1,0,1,0,1,2,1,0,0
d2c084f5cb16bacadc842e96eb4bab4a8a2b566ccf6cf74cd1fe24794d26048e,3,1,97,MULTI_FAMILY,CENTRAL,CENTRAL_HEATING,NONE,,,0,2,1,0,0,0,1,1,1,1,0,0,1,1,1,1,0,1,0,1,0,2,1,0,1,1,1,1,0,0
e6a2fdf3b3d48cc3c0d1abdadf3897ee4963a21d468b3149492f37a52351f2ad,2,0,95,MULTI_FAMILY,OIL,OIL_HEATING_BOILER,NONE,,,0,2,1,0,0,0,1,1,1,1,0,0,1,1,0,0,0,0,0,1,1,1,0,0,1,1,1,1,0,0
ac66855f704e2c1a685272e6e249ba1e37d36fd2b5458aeb2f7073b704d732be,3,1,130,MULTI_FAMILY,GAS,GAS,NONE,,,0,1,1,0,0,0,1,0,1,1,1,1,1,1,0,1,1,1,0,1,1,1,0,0,1,1,1,1,0,0
29a14a10d2fde219aaa7fd91f390a8ce041a3729e04c00d959077ec6604d34ad,1,0,50,MULTI_FAMILY,CENTRAL;PORTABLE_ELECTRIC,FLOW_WATER_HEATER,PORTABLE_AIR_CONDITIONER,,,0,1,1,1,0,0,0,1,0,0,0,0,1,1,1,0,1,1,0,1,0,0,0,0,0,0,1,1,1,1
5e6cd7c65c58bbf64c30d43271a8f7bfbdb5ab41c17b27ae8219ca906bf237dc,2,2,98,MULTI_FAMILY,CENTRAL,CENTRAL_HEATING,NONE,,,0,2,1,0,0,0,1,1,1,1,1,0,1,1,0,1,1,1,0,1,1,1,0,1,0,1,1,1,0,0
4016f424c6957494415cdc2ef5eac7e392dd5e3b6f7ad9fc22b78bc68cc2ae17,5,2,111,SINGLE_FAMILY,OIL,OIL_HEATING_BOILER,NONE,,,0,2,1,0,0,1,1,1,1,1,0,0,1,1,1,0,0,1,0,1,1,1,0,0,1,1,1,1,0,0
4cbc9768baa0857d2e373f4caa0eec3f68e482ed30d3cb685234709766505eaf,3,1,75,MULTI_FAMILY,CENTRAL,GAS,NONE,,,0,1,1,0,0,0,0,1,0,1,0,0,1,1,0,0,0,1,0,0,1,2,0,0,1,1,1,1,0,20
c55df54e8ed4f519a945f1b4da48101c83704f7f7a013440793d0026291f4985,1,0,50,MULTI_FAMILY,CENTRAL,CENTRAL_HEATING,NONE,,,0,1,1,0,0,0,1,1,0,0,0,0,1,1,1,0,0,1,0,1,0,0,0,0,1,1,1,1,0,0
ae4c605c1bf9eee7018c1561fce395197309ce47b0db4477a18b9c65a14eb1a4,2,0,72,MULTI_FAMILY,CENTRAL,FLOW_WATER_HEATER,PORTABLE_AIR_CONDITIONER,,,0,2,1,0,0,0,1,1,1,0,0,0,1,1,2,1,1,1,0,1,0,1,0,0,0,1,2,1,1,0
06aa6a632dc1ed5f0fc0030a12c2ea72f31ae89843746f3dc12f2c8da67c419f,3,1,85,MULTI_FAMILY,CENTRAL,GAS,NONE,,,0,1,1,0,0,0,1,1,1,0,0,0,1,1,0,0,0,1,0,0,1,0,0,1,0,1,1,1,0,0
63cff998543e2bacf45d7739210e12f71bb1e7bf7d2527b5224f73b010d202c8,3,1,96,MULTI_FAMILY,OIL,OIL_HEATING_BOILER,NONE,,,0,1,1,0,0,0,1,1,1,0,0,0,1,0,2,0,0,1,0,1,0,1,0,0,0,0,2,1,0,0
7d99600448e35530b3a21b09db87b68464a835666cf8f8c95996859f085f9fa1,2,0,75,SINGLE_FAMILY,OIL,OIL_HEATING_BOILER,NONE,,,0,2,1,0,0,0,0,1,1,1,1,0,1,1,0,1,0,0,0,1,0,0,0,0,0,0,0,1,0,0
f82e2e3a17c4020872483ad87013e73cd1f2cccc3b3fbdd02292a242155c2b75,2,,90,MULTI_FAMILY,,,,,,0,1,1,0,0,0,1,0,1,1,1,0,1,1,0,1,0,0,0,1,0,1,0,0,0,1,1,1,0,0
fd756c9791f4753e9f243d913c0d1de999681ac58e7bf81951670ba38f7a68fd,4,2,120,SINGLE_FAMILY,OIL,OIL_HEATING_BOILER,NONE,,,0,1,1,0,0,1,1,2,1,1,0,1,1,1,1,0,0,0,0,1,1,1,0,1,0,1,1,1,0,1
963b360dde19e15de65826e78faf58dc8f5cc924d6272c20b348858ca3c0c530,4,2,80,MULTI_FAMILY,CENTRAL,CENTRAL_HEATING,NONE,,,0,1,1,0,0,0,0,0,0,0,1,0,1,1,0,1,0,1,0,1,1,1,0,0,1,1,1,1,0,0
92e71a0023e4bf52726634f600b70b15e6dabb369134da0c8300d107d894c83a,4,2,180,SINGLE_FAMILY,CENTRAL;PELLET,CENTRAL_HEATING,NONE,,,0,1,1,0,0,0,0,0,1,1,1,0,1,1,0,1,0,1,0,0,1,1,0,0,0,0,1,1,0,0
6e9a575fc579b06cda8ff0fe9fe73dfc35f376c5c8411c5ae00d0bae39cd7b70,1,0,68,MULTI_FAMILY,CENTRAL,GAS,NONE,,,0,2,1,1,0,0,1,0,1,0,1,0,1,1,0,1,0,1,0,1,0,0,1,0,0,1,1,0,0,1
e00ba373549e61a739991b44d33e5a9dd22212a913a8e8233867cdd22366fa96,2,0,50,MULTI_FAMILY,,FLOW_WATER_HEATER,NONE,,,0,1,0,0,0,0,1,1,1,0,0,0,1,1,0,0,1,1,0,1,1,0,0,0,0,1,1,1,1,0
bd98e83f2d2401f47415558f9c94b9ff5a4cb95c834bb937eea1a20f8da27c4d,2,0,140,MULTI_FAMILY,CENTRAL,CENTRAL_HEATING,NONE,,,0,1,1,0,0,0,1,2,1,0,0,0,0,1,0,0,0,1,0,1,1,1,0,0,1,1,3,1,0,0
fce3efac8cb42613c0910b1c389f68f5cb0a457912a4d6e29ce74fe607279a16,1,0,60,MULTI_FAMILY,CENTRAL,CENTRAL_HEATING,NONE,,,0,1,1,0,0,0,0,1,1,0,0,0,1,1,0,0,0,1,0,0,1,0,0,0,0,1,1,1,0,0
365bd9c9f5145320709e32cf7e007c80735fc10348b71720f5828c2a2ce14835,3,1,80,MULTI_FAMILY,CENTRAL,,NONE,,,0,1,1,0,0,0,0,1,1,1,0,0,1,1,1,0,1,1,0,1,0,1,0,0,0,0,0,1,0,1
9b31668ac70f4ee0e21c44345b97600263bef2025c7e5004bc016ac7de130bfc,4,1,216,SINGLE_FAMILY,GAS,GAS,NONE,,,0,1,1,0,0,0,1,1,1,1,1,0,1,1,1,0,0,1,0,1,1,1,0,0,0,1,1,1,0,0
aaabe51e3fab3180a7bb066a5dc75e0fbed46846c4e76d9094df96be8a26f10a,3,1,90,MULTI_FAMILY,ELECTRIC,FLOW_WATER_HEATER,NONE,,,0,1,1,1,0,0,0,0,1,0,1,0,1,1,1,1,1,1,0,1,1,1,0,0,1,1,1,1,1,0
6876f7ebb5de6b6c66f9c2ab0c03e143c4d9619baf02b5c6cc76fa3dbf926b54,2,0,200,SINGLE_FAMILY,OIL,OIL_HEATING_BOILER,NONE,,,0,1,1,0,0,0,0,1,0,0,0,0,1,1,0,1,0,0,0,0,1,1,0,0,0,1,1,1,0,0
831f7b653bd290374a2f2c796028465498426c514909f3a6de674b7b923566ca,1,0,83,MULTI_FAMILY,CENTRAL,FLOW_WATER_HEATER,NONE,,,0,2,1,0,0,0,0,1,1,1,0,0,1,1,1,0,2,1,0,0,1,1,0,0,0,0,1,1,0,0
6e86c5ccc42f87cd40c5c4cb9b68f2def1277d8f1cfcde3556303592f659c683,1,0,55,MULTI_FAMILY,CENTRAL,CENTRAL_HEATING,NONE,,,0,1,1,0,0,0,1,1,1,1,0,0,1,1,1,0,0,1,0,1,1,1,0,0,1,1,1,1,0,0
9016a80f69f330330816e127213ef681e065591f58ae89327303acb83de494f6,2,0,120,MULTI_FAMILY,PELLET,OTHER,NONE,,,0,1,1,0,0,0,0,0,1,1,1,0,1,1,1,1,0,1,0,1,1,1,0,0,1,2,2,1,0,3
ca66d37039f88a80f6c83bf0d2bd38f5a71b2c0661f7317c7ca0400246abadf9,2,1,75,SINGLE_FAMILY,WOOD;ELECTRIC,,PORTABLE_AIR_CONDITIONER,,,0,1,1,0,0,0,1,0,0,1,1,0,1,1,1,1,1,0,0,1,0,1,0,0,0,1,0,1,1,0
f48a396b6c8448b57b10823fe707ae9d599c18e9b66a6521e76ce7905ceab655,2,0,120,MULTI_FAMILY,GAS,GAS,PORTABLE_AIR_CONDITIONER,,,0,2,1,0,0,4,0,1,0,0,0,1,1,1,8,0,0,1,0,1,1,2,0,0,0,1,2,1,0,0
6005372f897f4b731b210b3567727971d5515f286b36fa26c41d1ad1d80fcb58,4,2,148,SINGLE_FAMILY,OTHER,OTHER,NONE,Fernwärme,Fernwärme,0,1,1,0,0,1,1,1,1,1,1,0,1,1,1,1,0,1,0,1,1,3,0,0,1,0,3,1,0,0
1075e9acbeb5816095332e2112bca293f6db548168ad39f92cfe89b6245707e6,2,0,90,MULTI_FAMILY,OTHER,OTHER,NONE,Fernwärme,Fernwärme,0,1,1,0,0,0,1,1,1,0,0,0,1,1,0,0,0,1,0,1,1,2,0,1,1,1,1,1,0,0
cbdb91df3eccdaa3f5eccbde7e5da96ada1a48122645d362abf33d7ce3f01f89,2,0,,MULTI_FAMILY,,,,,,0,6,1,0,1,0,0,1,1,1,0,0,1,1,0,1,0,1,0,1,1,1,1,0,2,0,1,2,0,1
a3aeb3d1ceb6c0b0c8c86f8e1fe4788a98b9adf62afdf4f162341a995d73f165,4,2,200,MULTI_FAMILY,GAS,GAS,NONE,,,0,3,1,0,0,1,0,1,1,1,0,0,1,1,1,0,0,1,0,1,1,1,1,2,0,1,1,1,0,0
ee689bc090042b0c6c928e8e166a84718c29f37e6c4de8a31f12f89b0e54101f,2,0,76,MULTI_FAMILY,OIL,OIL_HEATING_BOILER,NONE,,,0,1,1,0,0,0,1,0,1,1,0,0,1,1,1,1,0,1,0,0,1,1,0,1,1,1,1,1,0,0
a79502d72a6ea61c7564e79dfea9ee653d05d40f71f267400724f465476f6500,4,2,140,SINGLE_FAMILY,GAS,GAS;FLOW_WATER_HEATER,NONE,,,1,1,1,0,0,0,0,1,1,1,0,0,1,1,0,0,0,1,0,1,1,1,1,0,0,1,1,1,1,0
18a283c5bf3fac6f320247255e20e5e11c97998cde44acf5775fbb02fb688b2d,1,0,73,MULTI_FAMILY,CENTRAL,CENTRAL_HEATING,NONE,,,0,2,1,0,0,0,1,1,1,1,1,0,1,1,0,0,0,1,0,1,0,0,0,0,0,0,1,0,0,0
2f03ed74ae7cc8cf4eab4d55370562360782045c9099dd4b46e830d80b15c3ab,3,2,140,SINGLE_FAMILY,GAS,GAS,PORTABLE_AIR_CONDITIONER,,,0,1,1,1,0,2,0,1,1,0,0,0,1,1,1,1,0,1,0,1,1,1,0,0,1,1,1,1,0,0
a36d66cf3a7c5fe5dabadead074bb54fe2edd7b71579b353e52f4e93c82c2b7c,4,2,56,MULTI_FAMILY,GAS,GAS,NONE,,,0,1,1,0,0,1,0,1,1,0,0,0,1,1,0,0,0,1,0,0,1,1,0,0,0,1,2,1,1,0
4a682f94087de82655e7d6ff48c01e9c4f7119a43d492970f994914f3292341a,4,2,180,SINGLE_FAMILY,GAS,CENTRAL_HEATING,NONE,,,0,2,1,0,0,3,1,1,1,1,1,1,1,1,0,0,0,1,0,1,1,1,0,0,1,0,0,1,1,0
3f75971a5eb4e9f0bd2b91cf0273ce5fee2ebeef063a637c2df33de3de93b157,1,0,35,MULTI_FAMILY,CENTRAL,GAS,NONE,,,0,1,1,0,0,0,1,1,0,1,0,0,1,1,1,0,0,0,0,1,0,0,0,0,0,1,1,1,0,1
26faa85ed7a637c1efd629e0d5ac16be9f383d259d26351012844e0cecc2e15c,2,0,120,MULTI_FAMILY,GAS,GAS,NONE,,,0,3,1,0,0,0,0,1,1,0,1,0,1,1,1,0,0,1,0,1,1,1,0,0,1,1,2,1,0,0
e9497ffcac377b3197e766ca45fb00aa7d0671bf494d906f31ff69b4f4b1b715,5,3,120,MULTI_FAMILY,WOOD;CENTRAL;GAS;ELECTRIC,CENTRAL_HEATING,NONE,,,0,1,1,0,0,1,0,2,1,0,0,0,1,1,0,1,0,1,0,1,1,2,0,0,0,1,2,1,0,0
f827d627439330973d25018239011333b0c749f0a53de5154a0201d9aa77e308,1,0,41,MULTI_FAMILY,CENTRAL,CENTRAL_HEATING,NONE,,,0,1,1,0,0,0,1,1,0,0,0,0,1,1,0,0,0,0,0,1,1,1,0,0,1,1,1,1,0,0
3f9365202762b3916fdde2c02f62e73737b72276fc54a048fd095f75d96802b6,1,0,42,MULTI_FAMILY,CENTRAL,CENTRAL_HEATING,PORTABLE_AIR_CONDITIONER,,,0,1,1,0,0,0,0,0,0,1,0,0,1,1,0,1,0,1,0,1,0,1,0,0,1,1,1,1,0,0
d4b04fe2cde84ede1ad236a587c83910859732a53bda6dc3cd5bc324a9feedcb,3,0,180,SINGLE_FAMILY,OIL,OIL_HEATING_BOILER,NONE,,,0,3,2,0,1,1,1,2,1,2,2,0,1,2,0,2,2,1,0,2,1,1,0,0,1,1,2,1,1,0
a7e682f0adb2922128a0d31c0706bb35f4a2c8902df4d59daa179d0bd229ac20,4,2,62,MULTI_FAMILY,CENTRAL,CENTRAL_HEATING,NONE,,,0,2,1,0,0,0,1,1,1,0,0,0,1,1,1,0,0,1,0,1,0,1,0,0,0,1,1,1,0,0
65d0343d18ea61df62edb5812c48be8ba0aa171268a931b04435c20556205f12,3,1,110,SINGLE_FAMILY,GAS,,PORTABLE_AIR_CONDITIONER,,,0,1,1,0,0,0,0,1,1,1,1,0,1,1,2,1,3,1,0,1,1,1,0,0,0,1,1,0,0,1
642f14ad71c4aa6119e75c61577aa84f078e590afa963089c882897ae078cad9,4,2,125,MULTI_FAMILY,CENTRAL,GAS,NONE,,,0,1,1,0,0,0,1,1,1,0,1,0,1,1,1,1,0,1,0,1,1,1,0,0,1,1,1,1,0,0
211548a635eb6e2ef4146148ece7088d72c01d78688bed38ed82dcd1994a1314,3,0,140,MULTI_FAMILY,GAS,CENTRAL_HEATING;SOLAR_HEATING,NONE,,,0,2,1,0,0,2,2,1,1,0,1,0,1,1,1,2,0,1,0,1,1,2,0,0,1,1,3,2,1,0
596a49bb3d276e54b612f250cc5ac17d5dc58c0ce60c01f496d341c33e520e26,2,0,110,SINGLE_FAMILY,GAS,GAS,NONE,,,0,1,1,1,0,1,0,1,1,1,1,1,1,1,0,0,0,1,0,1,1,1,0,0,1,1,1,1,0,0
2e10f709acebc5a0e961cfa1c9d36d29d3f1c4504ba337f4664211912e9b6f3c,2,,70,MULTI_FAMILY,,FLOW_WATER_HEATER,NONE,,,0,2,1,0,0,0,2,1,1,1,0,0,1,1,0,0,1,0,0,1,1,1,1,1,0,1,0,1,1,0
3cb787cbcdba16360faa7cc52eef6bd6c2bd127abaf968ffae45bd630517833e,2,0,110,MULTI_FAMILY,WOOD;GAS,CENTRAL_HEATING;SOLAR_HEATING,NONE,,,0,1,1,0,0,0,1,1,0,0,0,0,1,1,1,0,0,1,0,1,0,1,0,0,0,1,1,1,0,1
e21b8628ff214d0a51b0f97d7b0be390b41d2bf980979f7356b2ae9431bd2267,1,0,55,MULTI_FAMILY,CENTRAL,CENTRAL_HEATING,NONE,,,0,1,1,0,0,1,0,1,1,1,0,0,1,1,1,0,0,1,0,1,1,1,0,0,1,1,1,1,0,1
bf6e87856eda352c6e142cae31f47b3ca39e965067804b9b3989078553f03935,1,0,50,MULTI_FAMILY,PORTABLE_ELECTRIC,CENTRAL_HEATING,NONE,,,0,1,1,0,0,0,1,1,1,1,0,0,1,1,0,0,0,1,1,1,1,1,0,1,1,1,1,1,0,1
1b787c63ccbe08a169956a326322cf3f43af67fd7e4e34e8011f05bef3466cad,1,0,52,SINGLE_FAMILY,CENTRAL,FLOW_WATER_HEATER,NONE,,,0,1,0,0,0,0,1,1,1,0,0,0,1,1,0,0,1,1,1,1,1,1,0,0,0,1,1,1,1,0
f97ebe2e92901a2be05b3a371693b3746564d09023462ec6bfc8253bfd00fa21,5,3,150,SINGLE_FAMILY,GAS,OTHER,NONE,,Boiler 250l,0,1,1,1,0,0,0,2,1,0,0,0,0,1,0,0,0,1,0,1,0,0,0,0,1,1,1,0,0,0
bc697306e96654d324e957c388744421d62a92f3ddd3f9d76d97b873e6acaf7e,2,,180,SINGLE_FAMILY,OIL;WOOD,OIL_HEATING_BOILER;SOLAR_HEATING,PORTABLE_AIR_CONDITIONER,,,0,2,1,0,0,3,1,1,1,1,1,1,1,1,1,1,0,1,1,1,1,1,1,0,1,1,2,1,0,1
13699bc799a8cb74682385fcd14e5d18d7818b400e77999c619959cac1888692,1,0,46,MULTI_FAMILY,OIL,OIL_HEATING_BOILER,NONE,,,0,1,1,0,0,0,1,0,1,0,1,0,1,1,0,1,0,0,0,1,0,0,0,0,0,0,1,1,0,0
48df09b034caa3edff3c27a8be347ce982b3a0c771001e1448162bc411e2ebf3,2,,85,SINGLE_FAMILY,GAS,FLOW_WATER_HEATER,NONE,,,0,1,1,0,0,1,1,1,1,1,1,0,1,1,0,1,1,1,0,1,1,0,0,0,1,1,0,1,1,0
e43d178600dfc9f0813606bc8547f0b7bd691810409ceb70f3a0cfcf08f111a7,3,1,100,MULTI_FAMILY,CENTRAL,CENTRAL_HEATING,NONE,,,0,2,1,0,0,0,2,1,1,1,0,0,1,1,0,0,0,1,0,1,1,1,0,0,1,1,0,1,0,0
327d8dff669a4bb7957b2ab62abc85d0721d1ddd98fe406586bb51f902877249,4,2,100,MULTI_FAMILY,CENTRAL,CENTRAL_HEATING,NONE,,,1,1,1,1,0,0,2,1,1,1,0,1,1,1,2,0,0,1,0,1,1,4,0,0,1,0,2,2,0,1
37a0d580e0074fbd131d4f7e27ca818e5aa91ea24e7aeeca1ba04ccade93a11c,5,3,104,SINGLE_FAMILY,OTHER,OTHER,NONE,Fernwärme KraftWärme Kopplung,Fernwärme KraftWärme Kopplung,0,4,1,0,0,0,2,1,1,1,0,0,1,1,2,0,0,1,0,1,1,1,0,1,1,1,1,1,0,0
613e80b674ae94e137cfa4017be4f202113fa865417f051d63eec66b33c45b2c,1,0,95,MULTI_FAMILY,CENTRAL;GAS,FLOW_WATER_HEATER,PORTABLE_AIR_CONDITIONER,,,0,1,1,0,0,0,1,0,1,1,1,0,1,1,1,1,1,1,0,1,1,1,0,1,0,0,2,1,0,0
07af48236676e056aa1de19a659feaa93edff552024ebcd3a5d1800e10299e9c,2,0,,MULTI_FAMILY,,,,,,0,1,1,0,0,0,0,1,1,0,0,0,1,0,0,0,0,1,0,1,0,0,0,0,1,1,2,1,0,0
a22286c1946e75d63c940a6d14aa85a76fd8150c034dba477ccfefbf82287df5,2,0,210,SINGLE_FAMILY,CENTRAL,CENTRAL_HEATING,NONE,,,1,1,1,0,0,1,1,1,0,1,0,0,1,1,0,0,0,1,0,1,1,2,0,0,0,1,1,1,0,0
e597bba086e3cfe4cff2d576dfd7ce985c1894fd025a7c6c75e3184415d3b13d,3,1,150,SINGLE_FAMILY,CENTRAL,GAS,NONE,,,1,1,1,0,0,0,1,1,1,1,0,0,1,1,1,0,0,0,0,0,1,1,0,0,0,1,1,1,0,0
094462827740f5830ac5a588fd58b3af8004f812ff7f5cb840ceaf732a20e93c,2,1,40,MULTI_FAMILY,CENTRAL,CENTRAL_HEATING,NONE,,,0,2,0,0,0,0,1,1,1,0,0,0,1,1,2,0,0,0,0,1,0,0,0,0,0,0,2,1,0,1
ae2f1a127b8c8f0da2863643e502ae9cdcf98dd1027d6f7b3eed58fc55037aef,6,2,150,MULTI_FAMILY,OIL,OIL_HEATING_BOILER,NONE,,,0,3,1,0,0,1,0,1,2,1,0,0,1,1,1,0,0,1,0,1,1,1,0,0,0,1,3,1,1,0
8c345400feac9da85eb7884641dbab0e335045984355bb3bdbb1973065e9fcfa,6,4,180,SINGLE_FAMILY,CENTRAL,GAS;SOLAR_HEATING,NONE,,,0,4,1,0,0,1,0,0,1,1,1,1,1,1,1,2,0,1,0,1,1,1,0,1,1,0,3,1,0,1
ce87650f772cf39fef51fa46ff587b659e171c6615f82b3a4c5e4000b797446d,3,1,250,MULTI_FAMILY,CENTRAL,GAS;SOLAR_HEATING,NONE,,,0,4,2,0,0,0,0,2,2,1,0,1,2,2,2,2,0,2,0,2,2,3,0,0,0,2,4,2,0,0
a51a4384c33f839addbd244ca256e8d3a7061785d9605263ba2079f346327c4c,1,0,,MULTI_FAMILY,CENTRAL,CENTRAL_HEATING,NONE,,,0,0,0,0,0,0,0,1,0,0,0,0,1,0,0,0,0,1,0,1,1,1,0,0,0,1,1,1,0,0
7ff7ff48478f02cb791a2a7fce97236d0315239d80250fdbeb8df5c805d3db4a,3,0,160,SINGLE_FAMILY,WOOD,OTHER,NONE,,,0,1,1,0,0,0,1,1,0,1,1,0,1,1,1,1,0,0,0,1,1,1,0,0,0,1,0,1,0,0
7db843a6a9e2976110e8925bdcda97a71e1166d0a551220b96c65056dcab792b,2,0,80,MULTI_FAMILY,CENTRAL,CENTRAL_HEATING,NONE,,,0,3,1,0,0,0,0,1,1,1,1,0,1,1,2,0,0,1,0,1,1,2,0,0,1,1,3,1,0,0
167d4bd834b984ccdfed16eb25cf53f67f03c50c72f795efcf433133c2509bdc,2,,,MULTI_FAMILY,,,,,,0,1,1,0,0,0,1,1,0,0,0,0,1,0,1,0,0,1,0,1,0,1,0,0,0,1,1,1,0,0
fe151549a8932253fa39719a88d7c5abae36b10658716988c71cf32ea0685e43,2,0,107,MULTI_FAMILY,GAS,CENTRAL_HEATING,NONE,,,0,1,1,0,0,0,1,1,1,0,0,0,1,1,1,0,0,1,0,1,1,1,0,0,0,1,1,1,0,2
47f88fc578a056091f57cd8867f9de842e24749419db05e08b286f7422f85b46,1,0,23,MULTI_FAMILY,CENTRAL,CENTRAL_HEATING,NONE,,,0,1,0,0,0,0,1,1,0,0,0,0,1,0,1,0,0,1,0,1,1,1,0,0,0,1,1,1,0,0
eedf8ee71f1de306baca0f6a556892c1f5de63049701fe34351e39d3d59ef33b,2,2,115,MULTI_FAMILY,OTHER,FLOW_WATER_HEATER,NONE,,,0,2,1,0,0,1,1,0,1,1,1,0,1,1,1,1,0,2,0,1,0,2,1,1,1,1,0,1,0,0
62cf6a9cf930ef4e8e1404f8b100a80edd7ad0621b667b86ac8e23e694e02b90,3,1,120,SINGLE_FAMILY,CENTRAL,FLOW_WATER_HEATER,NONE,,,0,1,1,1,0,0,0,1,1,1,1,0,1,1,1,1,1,0,0,0,0,1,0,0,0,1,0,1,1,0
f22cde368e1c18d7e747675b98f1eeceb291bb8f07bea88009b0d6e8e036e6ae,3,1,85,MULTI_FAMILY,CENTRAL,CENTRAL_HEATING,PORTABLE_AIR_CONDITIONER,,,0,1,1,0,0,0,1,1,0,0,0,0,1,1,1,0,0,1,0,1,1,1,0,0,1,1,1,1,0,0
20036e32d0b1828e9a659677370c0d900eef6554c6f05e676a688cccd62641ee,1,0,90,MULTI_FAMILY,CENTRAL,CENTRAL_HEATING,NONE,,,0,2,1,0,1,0,0,0,0,1,0,0,1,1,0,1,0,0,0,1,0,1,0,0,0,0,1,1,0,0
0896ba8de43c112548c1d916939d1176db230c0b8df891a34ed8e7bcb310c7dc,1,0,55,MULTI_FAMILY,OTHER,CENTRAL_HEATING,NONE,Fernwärme,,0,1,0,0,0,0,0,1,1,0,0,0,1,1,1,0,0,1,0,1,0,1,0,0,1,1,1,1,0,1
e25acbb9caa1e39b62af7d1b97efb633074dcb2b3d110e3d0aa19f3a5d7e5aeb,2,0,78,MULTI_FAMILY,GAS,GAS,NONE,,,0,1,1,0,0,0,1,1,0,1,0,0,1,1,0,0,0,1,0,1,1,1,0,0,0,1,1,1,0,0
becb8ad66387b7f09ac4244cbc9f021c9b97f22a0740bf52e1234d7571aeb0f9,2,0,112,MULTI_FAMILY,CENTRAL,CENTRAL_HEATING,CENTRAL_AIR_CONDITIONER,,,0,1,1,1,1,0,0,1,1,1,0,0,1,1,1,0,0,1,0,1,0,1,0,1,0,1,0,1,0,0
c3afe81ada00fd014a19181efa9c3a32087e73e3458abc69198d11349f8df0d8,7,5,140,SINGLE_FAMILY,OIL,OIL_HEATING_BOILER,NONE,,,0,4,1,1,0,0,3,2,1,1,0,1,1,2,1,0,0,1,0,1,0,1,2,0,1,1,1,1,0,0
4c4bdf381e859455de0f5a571cfafe11e40ed1d1ef0b24d3702f18790a6f322f,3,1,,MULTI_FAMILY,,,,,,0,1,1,0,0,0,0,0,1,1,0,0,1,1,0,1,0,1,0,1,1,1,0,0,0,1,1,1,0,0
c562af6fa572cfee96b5e7025bdb7497fc6c688a4579d2a19a597697ae0cabcc,3,0,109,MULTI_FAMILY,CENTRAL,CENTRAL_HEATING,NONE,,,0,3,1,0,0,0,0,1,2,1,0,1,1,1,1,0,0,1,0,1,0,1,0,0,1,0,3,1,0,0
6b0304a4a7824aeadb74a4ea20793de6b4ac6bc57e072b63164655071acf5cf9,1,0,35,MULTI_FAMILY,CENTRAL,,NONE,,,0,1,1,0,0,0,1,0,1,0,1,0,0,0,1,1,0,1,0,1,0,1,0,1,1,0,1,1,0,0
2de758b95124a4c313ba5a62d737e838bc6d81ddea1fb8180c77fe26f79d181a,5,0,114,SINGLE_FAMILY,ELECTRIC,FLOW_WATER_HEATER,NONE,,,0,5,1,2,0,0,1,1,1,1,1,0,1,1,1,2,2,1,0,1,1,3,0,1,0,1,2,1,2,0
c7eb30bf28ae1cf2a62eae0e817c9f8021cffbedbe6eaa811b080d8ccf03941b,1,0,45,MULTI_FAMILY,CENTRAL,FLOW_WATER_HEATER,NONE,,,0,0,0,0,0,0,0,0,0,0,0,0,0,0,0,1,1,1,0,1,0,0,0,0,0,1,1,0,1,1
e9a21abe6a5c568c4ef781e543f9c11fada79bec407d8ba329a86147ebefd852,1,0,70,MULTI_FAMILY,CENTRAL,CENTRAL_HEATING,NONE,,,0,1,1,0,0,0,1,1,0,0,0,0,1,1,0,1,0,1,0,0,0,0,0,0,0,1,1,1,0,0
634c8637f1700a72ecc5f9d5d64ee90dc869fc4109e647e31ca98b6721b8fd64,2,0,120,SINGLE_FAMILY,WOOD;CENTRAL,GAS,CENTRAL_AIR_CONDITIONER,,,1,3,1,0,0,1,3,1,1,1,1,1,0,1,1,1,0,1,0,1,1,1,0,0,1,1,1,1,0,1
149e0eeb0f344cb0bc02429f3e42deb969f9b6f066f706888696830683bcf878,1,0,60,MULTI_FAMILY,,,,,,0,1,1,0,0,0,0,1,0,0,0,0,1,1,0,0,0,1,0,1,0,1,0,0,0,1,0,1,0,0
3a178d7c40c26b65d0fcd0f56218dd2ac0b99542c883d0af1438878843c0d681,4,2,150,SINGLE_FAMILY,HEAT_PUMP,CENTRAL_HEATING,PORTABLE_AIR_CONDITIONER,,,0,4,1,0,0,0,1,1,1,1,1,0,1,1,0,1,0,1,0,1,1,0,0,0,0,1,3,1,0,0
26c8d06dc43f97c953ee18e2aa12555cbfd95ffc30ea3670d1f6e21d03eb564d,4,0,180,SINGLE_FAMILY,OTHER;WOOD;CENTRAL,CENTRAL_HEATING;SOLAR_HEATING,NONE,Fernwärme,,0,1,1,0,0,4,1,1,1,1,1,0,1,1,0,0,0,0,0,1,1,2,0,0,0,0,0,1,0,1
9d69239215a5fe0b602272bae1ccdf04f422c5fb616192cb7509be444b893589,4,2,220,SINGLE_FAMILY,HEAT_PUMP,SOLAR_HEATING,NONE,,,0,1,1,0,1,1,2,1,0,1,1,0,1,1,1,1,0,1,1,0,0,1,0,0,0,1,2,1,0,0
9b9c899aac7a03e691855af3beff81b3d3a41c39c0be63cb19a05760e45fb909,2,0,74,MULTI_FAMILY,OTHER,OTHER,NONE,Fernwärme,Fernwärme,0,2,1,0,0,0,0,1,1,0,0,0,1,1,1,0,0,1,0,1,0,0,0,0,0,1,1,1,0,0
3014541990591f92e65f373711ab2062c8958a91233e00267640302220b58e64,2,0,80,MULTI_FAMILY,ELECTRIC,OTHER;FLOW_WATER_HEATER,PORTABLE_AIR_CONDITIONER,,Wasserboiler elektrisch,0,1,0,1,0,1,1,1,1,0,0,0,1,0,0,0,1,1,1,1,1,1,1,0,1,1,1,1,1,5
90d6708c6d86a12b227bd7b848bd541fad694faf509227436aaa63899767bdc3,2,0,110,SINGLE_FAMILY,OIL,CENTRAL_HEATING,NONE,,,0,1,1,0,0,0,0,1,1,1,1,0,1,1,0,0,0,0,0,1,1,0,0,0,0,1,1,1,0,0
52a086498b9fd5956240416a1090b3ba3aa6a9ca0a88716cc98bd11365b35830,2,0,116,SINGLE_FAMILY,GAS,GAS,NONE,,,0,3,1,0,0,1,0,1,0,1,1,0,1,1,1,0,0,1,0,0,1,0,0,0,0,1,2,1,0,0
ee580b1bf41bf5981e1a90603d45ab0b770dfe992e9de09152cd904083ed5aa8,2,0,160,SINGLE_FAMILY,OTHER;GAS,SOLAR_HEATING,NONE,Solarthermisch,,1,3,1,0,0,1,1,1,1,1,0,0,1,1,0,0,0,1,0,1,1,1,0,0,0,1,1,1,0,1
aaddc864cd59df5e8ffe5b9de361e2b7e53fce2c6603b47c3d50470d027ba6e5,2,0,105,MULTI_FAMILY,CENTRAL,CENTRAL_HEATING,PORTABLE_AIR_CONDITIONER,,,0,1,1,0,0,0,1,1,1,1,0,0,1,1,1,0,0,1,0,0,1,2,0,0,0,1,1,1,0,0
25041cf73d6f564be98529f029bb1f104e0478ae8c6880db05e48d7903ebbbbf,2,0,58,MULTI_FAMILY,CENTRAL,FLOW_WATER_HEATER,NONE,,,0,1,0,0,0,0,1,1,1,0,0,0,1,1,0,0,1,0,0,0,0,0,0,0,0,0,1,1,0,0
e4864a7972f12d63dd82289f376b307345e0ee02f4c167e690b012d006b89cf0,1,0,64,MULTI_FAMILY,GAS,GAS,NONE,,,0,1,1,0,0,0,0,0,1,0,0,0,1,1,0,1,0,1,0,0,0,0,0,0,0,1,1,1,0,0
3ca2f60fbd70c8acdb4d956ebcd1d03571a167ca429db562c26e2cc91b83ea45,4,2,90,MULTI_FAMILY,CENTRAL,CENTRAL_HEATING,NONE,,,0,0,1,0,0,0,0,1,0,1,0,0,1,1,1,0,0,0,0,0,1,1,0,0,0,1,1,1,0,1
e6333eb54285b517008d2de4ba2464d1cdf2fca1cb459709bf3496cb4971a44c,3,1,130,SINGLE_FAMILY,GAS,CENTRAL_HEATING;SOLAR_HEATING,PORTABLE_AIR_CONDITIONER,,,0,1,1,0,0,1,1,1,1,1,1,1,1,1,1,1,0,1,0,1,1,1,0,0,1,0,1,1,0,0
4ee558d496ee8e9231690c3069df27080e4b223cd6dcaf06b254b944fdcf040c,4,2,73,MULTI_FAMILY,CENTRAL,FLOW_WATER_HEATER,NONE,,,0,1,1,0,0,1,0,1,1,1,0,1,1,1,1,1,1,1,0,0,1,2,0,1,0,1,1,1,1,1
f6c0beaba3433728c63f848188f67be8c97baa232c1c0d8c3dcf3f28ffe184ca,4,2,160,SINGLE_FAMILY,CENTRAL,GAS,NONE,,,0,1,1,0,0,1,0,0,1,1,1,0,1,1,1,1,0,1,0,1,0,3,0,0,1,1,2,1,0,0
f836a70dc512e399e005883aeeb72458c590c00ea5d978786da56d8a3015d6f1,3,1,100,SINGLE_FAMILY,OIL,FLOW_WATER_HEATER,NONE,,,0,1,1,0,0,0,1,1,0,1,0,0,0,1,0,0,1,1,0,1,0,1,0,1,0,0,0,0,0,1
f91eefdb4d50458436711e73fa777481482ba36b74f22ce8844e3fcc3027f0e9,4,2,247,SINGLE_FAMILY,OIL,OIL_HEATING_BOILER,NONE,,,0,4,1,0,0,1,1,1,2,1,0,1,1,1,1,1,0,1,0,1,1,1,0,0,0,1,2,1,0,1
534300eaae767f986f36b06a29030ed7030bdf138223f72ab2593afcbc3fefd3,4,2,160,SINGLE_FAMILY,OIL,OIL_HEATING_BOILER,NONE,,,0,4,1,0,0,0,0,0,1,1,1,1,1,1,2,1,0,0,0,1,1,0,0,0,1,1,1,1,0,0
cfae538c4efac54cd5075da91318080040f78c6564b498177e4f4505b92a4b90,3,0,133,MULTI_FAMILY,HEAT_PUMP,CENTRAL_HEATING,NONE,,,0,3,1,0,0,1,2,1,2,1,0,0,1,1,1,0,0,1,0,1,2,2,0,0,1,1,3,1,0,0
ad962018c3af1709efd40fb0a83efa422415485cb1a41f31de10e05839fc794e,4,2,125,,OIL,,NONE,,,1,2,1,0,0,0,0,0,1,1,1,0,1,1,1,1,0,1,0,1,1,1,0,0,0,1,0,1,0,0
4e3c199fa5703cd0d8a2938758fe08d5b2e2d563c89a89be66bc1b9c9c82c3af,1,0,45,SINGLE_FAMILY,HEAT_PUMP,CENTRAL_HEATING,NONE,,,0,1,0,0,0,0,0,0,0,0,1,0,1,1,1,1,0,0,0,0,1,0,0,0,1,1,0,1,0,0
71b527c0dd6cc835b97bc63b8bbbfefdce0575dfdbb1539febf6d61dd1558a8a,2,0,136,MULTI_FAMILY,CENTRAL,CENTRAL_HEATING,NONE,,,0,2,1,0,0,0,0,0,1,0,1,0,1,1,0,1,0,0,0,0,1,1,0,0,0,1,3,1,0,0
f99b411bf63d7916eb12705d1a0e88240cf051f7f275bf9c91678c18d03148f1,4,2,200,SINGLE_FAMILY,GAS,FLOW_WATER_HEATER,NONE,,,0,1,1,0,1,0,0,1,1,1,1,1,1,1,1,0,1,1,0,1,1,2,0,0,0,0,3,1,1,0
ed27a2dd82b8545a76045b6e0622b0b416e770690eca26f80e4a07dd3571a59e,1,0,,SINGLE_FAMILY,PELLET,CENTRAL_HEATING,NONE,,,0,1,1,0,0,0,0,1,0,1,1,0,1,1,0,0,0,1,0,1,0,1,0,0,0,0,1,1,0,0
e21c42de906ade2b4e6a4f7fa3eb4bc61c1a9d897da4b105c9a05d1dd201dae5,1,0,52,,CENTRAL,CENTRAL_HEATING,NONE,,,0,1,1,0,0,0,0,1,1,0,0,0,1,1,1,0,0,1,0,1,1,0,0,0,1,1,0,1,0,0
2e6b25d60b48e4758bfe69e19de7a19bc5e84a304e161f3b91a7a6c06b801f4d,4,2,150,SINGLE_FAMILY,GAS,FLOW_WATER_HEATER,NONE,,,0,1,1,0,0,0,1,1,0,0,0,0,1,1,1,0,1,0,0,1,0,1,0,0,1,1,0,1,1,0
3fd3e34cd16fc01611dd5fba3a5e6ec179f6cfe7bb4510c4da3abe76855dfb9a,2,0,180,SINGLE_FAMILY,CENTRAL,CENTRAL_HEATING,NONE,,,0,1,1,0,1,2,1,1,1,0,0,1,1,1,0,0,0,1,0,1,1,2,0,0,0,1,1,1,0,0
a16f7d22588bc8c68b0a1d68440552f33ae7f45b0402d9d8048eccadfbbfb6a4,2,,60,MULTI_FAMILY,CENTRAL,CENTRAL_HEATING,NONE,,,0,1,1,0,0,0,1,1,0,0,0,0,1,1,0,0,0,1,0,0,1,0,0,0,0,1,1,1,0,0
79ee5522090bbfecbbe898ab277a51d78f3c765189f62f8de646bee04e1bd81b,2,0,65,MULTI_FAMILY,GAS,,,,,0,2,1,0,0,1,2,1,1,0,1,0,1,1,0,0,0,1,0,0,1,0,0,0,1,1,2,1,0,0
2cb2dd41d84730012358a024df04f01a69135d21f4cbccd1c86aff83158b735f,4,3,86,MULTI_FAMILY,CENTRAL,CENTRAL_HEATING,NONE,,,0,1,1,0,0,0,1,0,1,1,1,0,1,1,1,1,0,1,0,1,0,0,0,1,0,1,4,1,0,0
bfc26727242e108f2047c04b7df5bebe886755539f827338e5bb5927dc5a4c2b,2,,300,SINGLE_FAMILY,GAS,GAS,NONE,,,1,2,1,0,0,1,1,1,1,1,1,0,1,1,0,1,0,0,0,1,1,0,0,0,0,1,1,1,0,1
d0fd322a17b23d87ddb0372657a4589f464eefe31cfadf185ac556f4de4bdf0a,4,2,160,SINGLE_FAMILY,CENTRAL,CENTRAL_HEATING,NONE,,,0,3,1,0,0,1,1,0,1,1,1,0,1,1,2,2,0,1,0,1,1,1,0,0,1,1,3,1,0,0
f1eee6912056437f81e59ab2f3b202f6679c037c60df6daad0323afb8cf6c97d,4,2,105,MULTI_FAMILY,CENTRAL,CENTRAL_HEATING,NONE,,,0,1,1,0,0,0,0,1,1,1,0,0,1,1,1,0,0,1,0,1,1,1,0,0,0,1,1,1,0,0
76d05f5a84a4a658c118e75ab7842d516e1b95e184a1f25d4c3cb5324db1caa1,,,75,MULTI_FAMILY,CENTRAL,CENTRAL_HEATING,NONE,,,0,0,1,0,0,0,0,1,0,0,0,0,1,1,0,1,0,1,0,1,1,0,0,0,0,1,0,1,0,0
165cdcae0948946c556b1698362f945b95719124b8399034b690a580ebca80f1,2,0,98,MULTI_FAMILY,CENTRAL;PORTABLE_ELECTRIC,CENTRAL_HEATING,NONE,,,0,1,1,0,0,0,1,1,1,1,0,0,1,1,0,0,0,1,0,1,1,1,1,0,0,1,0,1,0,1
e06b67010998b2c751df438e66f8f0ddf3c55e3e24f7d4ca40c1b2a49c8c9926,4,2,100,SINGLE_FAMILY,GAS,GAS,NONE,,,0,5,1,0,0,1,2,0,1,1,1,0,1,1,1,1,0,1,0,1,0,1,0,0,1,1,3,1,0,1
73f34d6c63d62ef66fd086d44aaa87bd24a47cbe58453f37e8238c43fdfec099,2,0,75,MULTI_FAMILY,CENTRAL,CENTRAL_HEATING,PORTABLE_AIR_CONDITIONER,,,0,2,1,0,0,0,1,1,0,1,0,0,1,1,0,0,0,1,0,1,1,1,0,0,1,1,1,1,1,0
a14ac0ed7c73677ba152d4523aee238c8a3b9157f9e77bf38e5ac5394864e767,2,0,97,MULTI_FAMILY,CENTRAL,CENTRAL_HEATING,NONE,,,0,3,1,0,0,0,0,1,1,1,0,0,1,1,3,1,0,1,0,1,0,1,0,0,0,1,1,1,0,0
3e755140185c9683a86d063598bc0d088f0fa099320c8aebea2c618706d54592,3,1,92,MULTI_FAMILY,GAS,GAS,NONE,,,0,1,1,0,0,1,0,1,1,1,0,0,1,1,1,0,0,1,0,1,1,0,0,0,0,1,1,1,0,0
6d9bc85b2dbc51b4e8c1aa15911d25a3ccee49ef338dcdfe56490a3fb72ebc09,4,1,175,SINGLE_FAMILY,CENTRAL,FLOW_WATER_HEATER,NONE,,,0,3,1,0,0,0,2,1,1,1,1,0,1,1,2,1,2,1,0,1,1,1,1,0,3,1,3,1,1,0
c2547ac4457f30a367cff172daab1619a3544cf6ccd98e4ffc84f6258b4da2b3,2,0,120,MULTI_FAMILY,OIL,,NONE,,,0,2,1,0,0,1,1,1,0,0,1,0,1,1,1,1,0,1,0,1,1,1,1,0,0,1,1,1,0,0
cee84aa60ead1db07b1e1e1523624ea1656750e412bb1238c08fa758ae00b300,5,3,155,SINGLE_FAMILY,HEAT_PUMP,OTHER,NONE,,,0,1,1,0,1,0,0,1,1,1,0,1,1,1,0,0,0,1,0,0,1,1,0,0,0,1,2,1,0,0
0fb991f855cefdf575e787b6f18df9ffdf6b50b5d82c52efd6a81bff234d2ced,4,2,85,MULTI_FAMILY,CENTRAL,CENTRAL_HEATING,NONE,,,0,4,1,0,0,0,0,1,1,0,0,0,1,1,7,0,0,1,0,1,1,8,0,1,0,1,5,1,0,1
ce93baf1afbc327bece3439d35a6750d94c283dc54329b56faf9ddca31c28980,3,0,120,SINGLE_FAMILY,OTHER;OIL,,,,,0,3,1,0,0,2,2,2,1,1,0,1,1,1,0,0,0,1,0,1,1,2,0,0,1,1,1,1,0,1
2a2357676efbe89fc69e96509c5e9e6527551d90a8d940715472a3a28ed8c8f1,2,0,160,SINGLE_FAMILY,GAS,GAS,CENTRAL_AIR_CONDITIONER,,,0,1,0,0,0,0,0,0,0,0,1,0,0,0,1,1,0,0,0,0,0,1,0,0,0,0,1,0,0,0
19a38e4845981ee37d6273b064ac462e97ad605ca29dc090a419d3d89cb1d0cd,3,1,,SINGLE_FAMILY,,,,,,0,2,1,0,0,0,0,1,1,0,0,0,1,1,2,0,1,1,0,1,1,2,0,1,0,1,2,1,0,0
6eee09a0c8ffac1ce747ed0ced2a2184f8858af6981683bfd39fa7a172ea3864,2,0,80,MULTI_FAMILY,GAS,FLOW_WATER_HEATER,NONE,,,1,1,1,0,0,0,1,2,1,0,0,0,1,1,1,0,1,1,0,1,1,1,0,1,1,1,1,1,0,1
0ef0f004a9da648b0eaba459ceb0f745293b0cf2fdcf9c077578c7b89c2fe3cc,2,0,91,SINGLE_FAMILY,HEAT_PUMP;ELECTRIC,CENTRAL_HEATING,PORTABLE_AIR_CONDITIONER,,,0,1,1,1,0,1,0,1,1,1,1,0,1,1,0,1,0,1,0,1,1,1,0,0,0,1,1,1,0,1
6429b2e3342d0edf6cba567da32b259d196c614214c8e9adfa59f1627e1eee29,2,0,67,MULTI_FAMILY,CENTRAL,CENTRAL_HEATING,NONE,,,0,2,1,0,0,0,1,1,1,1,1,0,1,1,1,1,0,1,0,1,1,1,0,0,1,1,1,1,0,1
5704a19f9a9b52e52c01d89c2740e6322a0b5ee8126368c769b582c8597bc0fe,1,0,75,MULTI_FAMILY,OIL,FLOW_WATER_HEATER,NONE,,,0,1,1,0,0,0,1,1,1,0,0,0,1,1,0,0,1,1,0,1,0,0,0,1,1,1,1,1,1,0
aca74ed15216ef3b51c98ce282595c8f4562deec8884249e9bcb4fc64fe80ee8,5,1,180,MULTI_FAMILY,OTHER;WOOD;CENTRAL,GAS;SOLAR_HEATING,NONE,,,0,3,1,0,0,2,2,2,3,1,0,0,2,2,1,3,0,2,0,2,1,2,0,1,0,2,2,2,0,0
be23c5e9c5b414c52f502447856b665543262e40b7a0b873335d78d11c9207d1,1,0,65,MULTI_FAMILY,CENTRAL,CENTRAL_HEATING,CENTRAL_AIR_CONDITIONER,,,0,2,1,0,0,0,1,1,1,1,0,0,1,1,1,0,0,1,0,1,0,0,0,1,0,0,1,1,0,1
3fd245eea2c3a95b090bf304d853149a10bef6b5bcb241c9dcb9a1da2625e4d1,4,2,115,SINGLE_FAMILY,WOOD,SOLAR_HEATING,NONE,,,0,2,1,0,0,2,0,0,1,1,1,0,1,1,0,1,0,0,0,1,1,1,0,0,1,1,2,1,1,0
8cb0194e58eb20f1a431a38c5d3d90a41f5365dc2afc4bfe90413479afc48cea,1,0,55,MULTI_FAMILY,ELECTRIC,OTHER,NONE,,,0,1,1,0,0,0,0,1,1,1,0,0,0,1,0,0,0,1,0,1,1,0,1,0,0,0,1,1,1,0
99f46c0dfa60bf17701f4c4da19d533b643092eca8d151a59295a8128674fbc0,4,2,91,MULTI_FAMILY,CENTRAL,CENTRAL_HEATING,NONE,,,0,1,1,0,0,0,1,0,0,1,1,0,1,1,1,1,0,1,0,1,1,1,0,0,0,1,1,1,0,0
3a3f8c5bd135ef3fdbbf5f3261c82c0c318fc219965a4103c0f6c03aeb7ecc5a,2,0,120,MULTI_FAMILY,PELLET,CENTRAL_HEATING,NONE,,,0,2,1,0,0,1,1,1,1,1,1,0,1,1,0,1,0,1,0,0,1,1,1,1,0,1,3,1,0,0
f40766a67143259e1d45a448c9fcf077b4f3985c81d96826b2f4efa711f47baf,2,,100,MULTI_FAMILY,OIL,OIL_HEATING_BOILER,NONE,,,0,1,1,0,0,0,0,1,0,1,1,0,1,1,0,1,0,0,0,1,1,0,0,0,0,0,1,1,0,0
39db9d75f928946424829d87227a236d17d7d46d9e5f31b8ac52fa3c649ed9a3,2,0,95,MULTI_FAMILY,GAS,GAS,NONE,,,0,1,1,0,0,0,1,1,0,0,0,0,1,1,0,0,0,1,0,1,1,0,0,0,0,1,2,1,0,0
7ee0383275d95c1378481dabb6d555416469b9c3c064b4447e71a5e0f88d193a,1,0,89,MULTI_FAMILY,GAS,FLOW_WATER_HEATER,NONE,,,0,2,1,0,0,0,2,1,1,0,1,0,1,1,0,0,1,1,0,1,1,1,0,0,1,1,1,1,1,0
511a4e775c6b5949cf6d90d14d7b9b5d9235cfe6a760655ba5c7257ada643d24,2,0,125,SINGLE_FAMILY,OIL;WOOD,OIL_HEATING_BOILER,NONE,,,0,2,1,0,0,1,0,1,1,1,1,0,1,1,1,1,0,1,0,1,1,1,0,0,1,1,1,1,0,1
885c79e6d890c052cfd714999ea493779193aeb6313fbf2e9e63aff8ea170926,2,0,80,MULTI_FAMILY,WOOD;PORTABLE_ELECTRIC,OTHER;FLOW_WATER_HEATER,PORTABLE_AIR_CONDITIONER,,,0,1,0,1,0,0,0,0,0,0,0,0,0,1,0,0,0,0,0,0,0,0,1,0,0,0,0,0,1,0
c1d1e2f87686d430a588628edd241ea05a9bca74b47d87ee339f625afcd00cc4,2,0,89,MULTI_FAMILY,CENTRAL,CENTRAL_HEATING,,,,0,1,1,0,0,0,1,1,1,0,0,0,1,1,0,0,0,1,0,0,1,2,0,0,0,1,4,1,0,2
1f94aacd2128c5358f1929ff2df08816d0a98e0d8156e75c786c2afb17e266ac,4,2,116,MULTI_FAMILY,CENTRAL,GAS,NONE,,,0,2,1,0,0,1,1,1,1,1,0,0,1,1,0,0,0,1,0,1,1,1,0,0,1,1,1,1,0,1
3789a9ef0e0f2d45221d1aa96a7a48863148e61ac760f45ac5ffc621c5a06f1a,1,0,43,MULTI_FAMILY,CENTRAL,,,,,0,1,0,0,0,0,1,1,0,0,1,0,1,0,1,1,1,1,0,1,0,0,0,1,1,1,1,0,1,0
6a5cc6235267f5778e4a1270dcc93fcd3052fa90d4ab3703915beb20fd0c51dc,2,0,60,MULTI_FAMILY,CENTRAL,FLOW_WATER_HEATER,CENTRAL_AIR_CONDITIONER,,,0,1,1,0,0,0,1,1,1,1,1,0,1,1,1,1,1,1,0,1,1,1,0,1,1,1,1,1,0,1
5aa336435026b4f0196b346f527d665d59c296659d556babc0fd5af2b5484aab,4,2,123,MULTI_FAMILY,CENTRAL,CENTRAL_HEATING,NONE,,,0,0,1,0,0,0,0,2,1,1,0,0,1,1,1,0,0,1,0,1,1,2,0,0,0,0,0,1,0,0
4e9a1d0a832c73325719f991a0e09dd04b3a4a168f63d72fd5a16996eb6900b2,1,0,45,MULTI_FAMILY,GAS,GAS,NONE,,,0,0,1,0,0,1,0,1,1,0,0,0,1,1,0,0,0,1,0,1,0,0,0,0,0,0,1,1,0,0
ee134f8e79ca87e232b0a94a1309197c947c2cf0790e2f0e7e1a8591390304f0,5,3,148,SINGLE_FAMILY,OIL;WOOD,OIL_HEATING_BOILER,NONE,,,0,1,1,0,0,2,1,0,1,1,1,0,1,1,0,1,0,1,0,0,1,1,0,0,1,1,1,1,0,1
b0b39466d2eef5cf41bcd9ceb80c8e5f50b90b6cd0eccec18009787a53288515,1,0,58,MULTI_FAMILY,,,NONE,,,0,1,1,0,0,0,1,1,1,0,0,0,1,1,0,0,0,1,0,1,1,0,0,0,0,1,1,1,0,0
99979abc510ddc73c48b4345f79714cd6f4b84bdc437cf576f5ec2d9f3ef3b1e,2,0,150,SINGLE_FAMILY,CENTRAL;HEAT_PUMP,OIL_HEATING_BOILER,CENTRAL_AIR_CONDITIONER,,,0,1,1,0,1,2,1,1,1,1,2,0,1,1,0,2,0,1,0,1,1,2,0,0,0,1,5,1,0,0
207622f282b50a2b5fdcbf1e2fd536094e0d029a2444070acbba9674de91b72f,4,2,168,SINGLE_FAMILY,WOOD;CENTRAL,GAS;SOLAR_HEATING,NONE,,,1,1,1,0,0,1,0,1,1,1,1,1,1,1,0,1,0,1,1,1,1,1,0,0,1,1,3,1,0,1
ee8dbbebed0741122240d8b07b014217f1ab5c2391c7384d4ca18223e769cf91,2,0,78,MULTI_FAMILY,GAS,FLOW_WATER_HEATER,NONE,,,0,1,1,0,0,0,1,2,1,0,0,0,1,1,1,0,1,1,0,1,1,1,0,1,0,1,1,1,1,0
249c4a952a0c37432c11e105abca1a62960835590ab67671385c9e6b12e1738f,5,3,180,SINGLE_FAMILY,CENTRAL;PORTABLE_ELECTRIC,CENTRAL_HEATING;SOLAR_HEATING,NONE,,,0,1,1,1,0,3,0,0,1,1,1,0,1,1,1,1,0,1,0,0,1,2,0,0,0,1,1,1,0,1
294983aaa7f9ea3b39bae4813c44e1e3320bea55da935e1507a112a00146d815,2,0,125,SINGLE_FAMILY,OIL,OIL_HEATING_BOILER,NONE,,,0,1,1,0,0,1,1,0,1,1,0,0,1,1,0,1,0,1,0,1,0,1,0,0,0,1,1,1,0,1
a6ea0c17ea0f86df6243e930a25548c4f6de445aed705c806ea137bd184ee582,5,3,160,SINGLE_FAMILY,OIL,OIL_HEATING_BOILER,PORTABLE_AIR_CONDITIONER,,,0,1,1,0,0,1,1,0,0,1,0,0,1,1,1,1,0,1,0,1,0,0,1,0,1,0,1,1,0,1
64d55f60102b12e69a449ac6df637f1ac86702ba8a8360ba0a6d0f8e1f18f245,4,0,100,SINGLE_FAMILY,WOOD;GAS,GAS,NONE,,,0,4,1,1,1,1,3,1,1,1,1,1,1,1,1,1,0,1,1,1,1,1,2,1,0,1,4,1,0,1
104b3c28ee22ed051ced8f815b14d96a17939343a623125f3ffb146734fd5c7d,4,2,155,SINGLE_FAMILY,GAS,GAS,NONE,,,0,1,1,0,0,0,0,0,1,0,2,0,1,1,1,2,0,1,0,1,1,1,0,0,1,1,3,1,0,0
6bef1d891076fc4c546eb4b954c331cfadd0e34b3a179059b95ac0f2e24d8bc7,2,0,84,MULTI_FAMILY,HEAT_PUMP,SOLAR_HEATING,GEOTHERMAL,,,0,2,1,0,0,0,1,2,1,1,0,0,1,1,1,0,0,0,0,1,1,2,0,0,0,1,3,1,0,2
42fb3d9fd8f21249ac61c36b15a35fee790c0653bcfc4b88aa800abb1fbe7ea7,4,2,140,SINGLE_FAMILY,HEAT_PUMP,OTHER,NONE,,,0,1,1,0,0,1,1,0,1,0,0,0,1,1,1,1,0,1,0,1,1,1,0,1,0,1,1,1,0,0
d5a575b49156ff8cde8c670968e088cad2e3e04e00b29ba92a2027851aa69714,3,1,45,SINGLE_FAMILY,CENTRAL,GAS,NONE,,,0,1,1,0,0,0,0,1,1,1,0,0,0,1,1,1,0,1,0,1,1,1,0,0,0,1,2,1,0,0
7a1fa271335b65789267b5254661ca277d7482195d610a0aba26d99eb9ed5edd,4,2,165,SINGLE_FAMILY,HEAT_PUMP,CENTRAL_HEATING,NONE,,,0,1,1,0,0,1,0,0,0,1,1,0,1,1,0,1,0,1,0,1,1,3,0,0,0,1,1,1,0,0
a331c991c3147f814de60b9905db11910eb698ee3273f450e59ef66902c28890,2,0,200,SINGLE_FAMILY,GAS,GAS,NONE,,,1,2,1,0,0,0,0,1,1,1,0,0,1,1,1,1,0,1,0,1,1,2,0,0,1,1,4,1,0,1
93b27027f9ddd65bf0db5105fb938e166a30c8a066419c383b4702edb9206e92,4,2,80,MULTI_FAMILY,CENTRAL,CENTRAL_HEATING,NONE,,,0,1,1,0,0,0,1,1,0,1,0,0,1,1,0,1,0,1,0,1,0,1,0,0,1,1,0,1,0,0
7c8c3b05ec6995103a0e9486d83e7ed0a08a16d0a4c13573594d939e25e515a5,3,1,100,MULTI_FAMILY,CENTRAL,OTHER;FLOW_WATER_HEATER,NONE,,,0,0,1,0,0,0,1,1,1,1,0,0,1,1,1,0,1,2,0,0,0,0,0,0,0,1,1,1,0,1
dc1830662454652437bb6b530a848b9105a8ec85a1a14079fce5e6568107c0f3,4,2,89,MULTI_FAMILY,CENTRAL,FLOW_WATER_HEATER,NONE,,,0,3,1,0,0,0,1,1,1,1,0,0,1,1,1,0,1,0,0,1,1,0,0,0,0,1,0,1,0,0
4238d506d4c972ec185db62c658a48dfeeac7bdd28aad184f0e2df1a0d381fdc,2,0,94,MULTI_FAMILY,CENTRAL,CENTRAL_HEATING,NONE,,,0,1,1,0,0,0,0,0,1,0,0,0,1,1,2,1,0,1,0,1,1,1,0,0,0,1,1,1,0,0
5ba46a014c36c0c7180e13b126ece0fad9aabd7b8905cb9554094957ec221457,2,0,80,MULTI_FAMILY,OIL;WOOD,OIL_HEATING_BOILER,NONE,,,0,1,1,0,0,0,1,1,0,0,0,0,1,1,0,0,0,1,0,0,1,0,0,0,0,1,1,1,0,0
a2a496ea154fcfaccb5b0aba1b1c6a766be9ffa51f0110ba2a22303b056d5bd7,6,1,200,SINGLE_FAMILY,GAS,GAS,NONE,,,0,1,1,0,0,0,1,1,1,0,0,0,1,1,1,1,0,1,0,1,1,1,0,0,0,1,1,1,0,0
c37179cce28f68fa3a26728cebfa53cfe51bec119fc0315b77e468433d08bb44,2,0,100,SINGLE_FAMILY,GAS,FLOW_WATER_HEATER,NONE,,,0,4,1,0,0,1,1,1,1,1,1,0,1,1,0,1,0,0,0,1,1,3,0,0,1,1,2,1,0,0
55dd2fa38753267a9f6fd0db88068d62a6fc7ac073941c7f4fa72b2962705362,4,1,120,MULTI_FAMILY,OTHER,CENTRAL_HEATING,NONE,,,0,1,1,0,0,0,0,1,1,1,1,0,1,1,0,1,0,1,0,1,1,1,0,0,0,1,1,1,0,0
6aac9308225e72395d1b690e30d5f92ae54d4c7985733358b723ffa26b92eac6,1,,,SINGLE_FAMILY,ELECTRIC,FLOW_WATER_HEATER,PORTABLE_AIR_CONDITIONER,,,0,1,1,0,0,0,1,1,1,0,1,0,1,1,1,1,1,1,0,1,0,1,0,1,0,1,0,1,1,2
19e4c3b760cdbd3377332ac723506650a27740c1e1d526884fb4d651bcf38dd4,2,0,104,SINGLE_FAMILY,GAS,GAS,NONE,,,0,1,1,0,0,1,1,1,1,1,0,0,1,1,0,1,0,1,0,0,1,1,1,0,0,1,1,1,0,0
6be8893f1d9e7cbd95699434fc907ee6f777c2ac820ee0c3f1ff1684680b8e65,4,2,110,SINGLE_FAMILY,CENTRAL,CENTRAL_HEATING,NONE,,,0,3,1,1,0,0,1,1,1,1,1,0,1,1,1,0,1,1,0,1,1,2,0,0,0,1,2,1,1,0
33f383126963b8db6513ea789ee83a1716740c270e61dce4da3eb2386942a749,1,0,109,MULTI_FAMILY,OTHER,OTHER,NONE,,,0,3,1,0,0,0,1,1,1,1,0,0,1,1,1,0,0,1,0,1,1,1,0,0,1,1,1,1,0,0
95e77ab30a6d52f850337df0953ecd5e2d6008913200cb0a3fe01e325af76513,5,3,183,MULTI_FAMILY,PELLET,CENTRAL_HEATING,NONE,,,4,1,1,0,0,0,1,1,0,1,1,1,0,1,0,1,1,1,0,0,0,1,0,0,0,1,1,1,0,1
2e1eabd57f4539785c8b43f9572143aa114a8b7384d045896a9b87ce6989ac80,3,1,130,SINGLE_FAMILY,GAS,FLOW_WATER_HEATER,NONE,,,0,4,1,2,0,1,3,1,1,0,0,0,1,1,5,0,2,1,0,1,1,2,0,0,1,1,2,1,0,1
093cfd5e04b35ca4a14933f16efb12b4adf1ac8369da8d2fabdd9ff149bc198d,5,3,110,SINGLE_FAMILY,OTHER,OTHER,NONE,Nahwärme,Hygiene Spindel,0,4,1,0,0,1,3,1,1,1,1,0,1,1,1,1,0,1,0,1,1,2,0,0,0,1,1,1,0,0
21b1b65f68d387f01bba03f624d66b3f6c45615880b5174c6ee46e85a02307ae,4,2,100,SINGLE_FAMILY,CENTRAL,CENTRAL_HEATING,PORTABLE_AIR_CONDITIONER,,,0,1,1,0,0,0,0,1,1,0,1,1,1,1,1,1,0,1,0,1,1,1,0,0,0,1,1,1,0,0
3a15bec970fef0e5965df061a2416bc7f100301986dbb37203424c7793f22da4,4,2,178,SINGLE_FAMILY,OIL,OIL_HEATING_BOILER,NONE,,,0,1,1,0,0,0,1,1,0,1,1,0,1,1,0,1,0,1,0,1,1,1,0,0,0,0,1,1,0,0
8d9a90d4c1ad8077cedc287c52b9c0d74b81ab147973645b9bc5c9445cf52d1b,2,0,,MULTI_FAMILY,,,NONE,,,0,1,1,0,0,0,1,1,0,1,1,0,1,1,1,0,0,1,0,1,0,1,0,0,1,1,1,1,0,0
7fa1c5577e925e7881c19a68a64935f96451bae9b8e02d24d4c212036ffa7dc0,2,0,125,MULTI_FAMILY,CENTRAL,CENTRAL_HEATING,NONE,,,0,4,1,0,0,0,2,1,1,1,1,0,1,1,1,1,0,1,0,0,1,1,0,0,1,1,4,1,0,0
c83151df84260b9dd7ed2d2a321c89a6bbc257d9344e6a7e8f4447f5715dd4eb,5,3,140,SINGLE_FAMILY,OTHER,OTHER,NONE,,,0,1,1,0,0,0,1,1,0,1,0,1,1,1,1,0,0,1,0,1,1,1,0,0,0,1,1,1,0,0
c91c5aad667aefa8f3ef34b915d33b174938bb736101921e0d500968c8321afb,3,2,177,SINGLE_FAMILY,CENTRAL,CENTRAL_HEATING,NONE,,,0,1,1,0,0,0,0,1,0,1,0,0,1,1,0,1,0,0,0,0,1,1,0,0,0,0,0,1,0,0
8ce41e1ff07e4d363b3632702563c066dd8ad087a653247321fa832b1427599a,2,0,110,MULTI_FAMILY,GAS,GAS,PORTABLE_AIR_CONDITIONER,,,0,2,1,0,0,0,0,1,1,0,0,0,0,1,1,0,0,1,0,1,0,2,0,0,0,1,3,0,0,0
4e077225f6fe076e50145701eecd6c1946b5519abd89146cdef35c43c938cb39,2,1,66,MULTI_FAMILY,GAS,FLOW_WATER_HEATER,NONE,,,0,1,1,0,0,1,1,1,1,0,0,0,1,1,1,0,1,1,0,1,1,1,0,0,1,1,1,1,1,0
183dcc134f7d304db0ae10a716c82c09ae3f3013ca37cb6080ce4656af344551,2,0,150,SINGLE_FAMILY,OIL;WOOD,OIL_HEATING_BOILER,NONE,,,0,2,1,0,0,3,1,1,1,0,2,0,1,1,0,2,0,1,0,1,1,2,0,0,0,1,1,1,0,0
38b1a6b8e01180e66a765d40d5e24d675bc6947f2d1c8d62f18bde14626a9d3a,2,1,70,MULTI_FAMILY,OIL,CENTRAL_HEATING,NONE,,,0,1,1,1,0,0,1,0,1,1,1,0,1,1,0,1,0,1,0,1,0,0,0,0,0,1,1,1,0,0
0875f3c089026bce77098788cea8384fd305cb1aeb002abfa14310a56ddd2ea0,5,0,210,SINGLE_FAMILY,PELLET,CENTRAL_HEATING,NONE,,,0,2,1,0,0,0,0,1,1,1,1,1,1,1,1,1,0,0,0,1,1,2,0,0,1,1,2,1,0,0
a10fcceaaa0dbab2de1d487fed9b3e3dd7fbb328b3709d36b9e97191735f655a,2,0,150,SINGLE_FAMILY,GAS,CENTRAL_HEATING,NONE,,,0,3,1,0,0,1,2,1,1,1,0,0,1,1,0,1,0,1,0,1,1,2,0,0,1,1,1,1,0,0
7aa1781a3055b7be9e178857dc81ec9efd9706c58ecb02638ff9baead7274c72,2,0,70,MULTI_FAMILY,GAS,GAS,NONE,,,0,1,1,0,0,0,1,1,0,0,1,0,1,1,0,1,0,1,0,1,0,0,0,0,0,1,1,1,0,0
5ddd9db6203d8eafdd44c7ce4427e6f640a405b5def871fc493b10f506e09c94,1,0,48,MULTI_FAMILY,CENTRAL,FLOW_WATER_HEATER,NONE,,,0,1,1,0,0,0,1,1,0,0,0,0,1,1,0,0,0,0,0,0,0,0,0,0,0,1,1,1,1,0
c03d06a4040c053a62feb403f6c8916cb2dfaf167035c9e4201be01384d813d5,1,0,51,MULTI_FAMILY,CENTRAL,CENTRAL_HEATING,NONE,,,0,1,1,0,0,0,1,1,1,0,1,0,1,1,1,0,0,1,0,1,1,1,0,1,0,1,1,1,0,0
64305e3c67a4f487b250f47db1194f510b421ce8068c888b305b5f4b42244d76,1,0,65,MULTI_FAMILY,GAS,FLOW_WATER_HEATER,NONE,,,0,1,1,0,0,0,0,1,1,1,0,0,1,1,0,0,1,0,0,1,0,0,0,0,0,1,1,1,1,0
93bcbc65ac2d32a78e68c97993301dd3c00cba334428df9178a289841fa061ce,1,0,76,SINGLE_FAMILY,WOOD;CENTRAL;PELLET;GAS;ELECTRIC,FLOW_WATER_HEATER,NONE,,,0,0,1,0,0,0,0,0,0,0,1,0,1,1,0,1,1,1,0,0,0,1,0,0,0,1,1,1,0,1
22e882d1b243c6d54b6b05e1f4c148b5f94f4fa3df89fda7663dde127dec1b36,2,,100,MULTI_FAMILY,GAS,GAS,NONE,,,0,2,1,0,0,0,1,1,1,1,0,0,1,1,1,0,0,1,0,1,0,0,0,0,1,1,0,1,0,0
0aa6dfd49b62ebe022ce6ecd8902859162f0c08613d275ca4ad4f4109fc1e1a0,4,2,104,MULTI_FAMILY,CENTRAL,FLOW_WATER_HEATER,NONE,,,0,1,1,0,0,0,0,1,0,1,0,0,1,1,1,0,1,1,0,1,0,1,0,0,0,1,1,1,1,0
cd428ec869526b8021cf8a4c91407fb40935ffb25d56c1aae31b1628095486c1,2,0,72,MULTI_FAMILY,CENTRAL,FLOW_WATER_HEATER,PORTABLE_AIR_CONDITIONER,,,0,1,1,0,0,0,0,1,1,1,1,0,1,1,2,0,1,1,0,1,1,0,0,0,1,1,2,1,1,1
fe631684ef8372505b2022b338d8c7e13a1f67654a1c60895ddb999d61d8dade,4,2,167,SINGLE_FAMILY,HEAT_PUMP,CENTRAL_HEATING,NONE,,,0,3,1,0,0,0,0,1,1,1,0,0,1,1,0,0,0,0,1,1,1,1,0,0,0,1,1,1,0,0
9deb9e3c80407cc264e94c9e83980e9cb1a9d22fa0c84ba0e20e015f26597b65,3,1,129,MULTI_FAMILY,CENTRAL,CENTRAL_HEATING,NONE,,,1,1,1,1,0,0,1,1,1,1,1,0,1,1,0,1,0,1,0,1,1,1,1,0,1,1,1,1,0,0
5a0a582fe959915f40f86187bc1784b6c7de374c439d635c7a7e4bf769418507,5,2,150,SINGLE_FAMILY,OIL,SOLAR_HEATING,CENTRAL_AIR_CONDITIONER,,,0,1,1,0,0,0,0,0,1,1,1,0,1,1,1,1,0,0,0,1,1,0,0,0,1,0,1,1,0,0
5158cb0d1a0737a4d8a01134d9282cb4315640b61d18ce1620cbed9661dac165,4,2,160,SINGLE_FAMILY,GAS,GAS,CENTRAL_AIR_CONDITIONER,,,1,4,1,0,0,0,1,2,1,1,1,0,1,1,1,0,0,1,0,1,1,0,1,0,0,1,1,1,0,0
7f1cef9a203fef45f54074f3f24332ccaa5fae86e2338179799b990ecb2009fe,1,0,68,MULTI_FAMILY,CENTRAL,FLOW_WATER_HEATER,PORTABLE_AIR_CONDITIONER,,,0,1,1,0,0,0,1,1,0,1,0,0,1,1,1,0,1,1,0,0,1,1,1,0,1,1,1,1,1,0
941cb9eeb71796c6870ea6073930d790d25c9b070b286d3f31f5aa6ba0793ac0,2,0,90,SINGLE_FAMILY,CENTRAL,CENTRAL_HEATING,NONE,,,0,1,1,0,0,2,0,1,1,1,0,1,1,1,0,1,0,1,0,1,1,1,0,0,0,0,1,1,0,0
03be33033cdc868db312031a79070edee8e3490adea3b02c0c5824c9e53dbba7,3,1,92,MULTI_FAMILY,OIL;WOOD,OIL_HEATING_BOILER,NONE,,,0,1,1,0,0,0,0,1,1,0,0,0,1,1,2,0,0,1,0,1,0,1,0,1,0,1,0,1,0,1
d9ae8314a3df55f8e90cc3cc8090b2294d691d51fd1dfc1fb60b1fdfdd4ad0c8,2,0,84,MULTI_FAMILY,CENTRAL;ELECTRIC,CENTRAL_HEATING,,,,0,1,1,0,0,0,0,1,0,0,0,0,1,1,1,0,0,0,0,0,0,1,1,0,0,1,1,1,0,0
6453e2f8afd4a759421e0c7bcadf4ef866cae899c12b83283134c57e51ce3e95,1,0,81,MULTI_FAMILY,CENTRAL,FLOW_WATER_HEATER,NONE,,,0,13,1,0,0,0,6,0,7,0,3,0,9,5,0,4,0,12,0,11,10,0,0,0,0,0,8,2,1,0
032098ff772bdd6dec4e12f1e5958b165b20f88175c4dcb32553a1eae9436f9c,3,1,180,SINGLE_FAMILY,OIL;WOOD,OIL_HEATING_BOILER,NONE,,,0,3,1,1,0,1,0,1,0,0,2,0,1,1,0,0,0,0,0,1,1,1,1,1,0,1,0,1,0,1
cac2aa12d3f78a27be8fe7d160c22979e4d58b27cae861c53f7921a4bb030552,5,3,135,SINGLE_FAMILY,GAS,GAS,NONE,,,0,1,1,0,1,1,1,1,1,1,1,0,0,1,1,1,0,1,0,1,1,1,1,0,1,1,1,1,0,0
d772061b5f4d9fd4627f6208ede24b5aba6c6181a6eea6d05557a61846ed5992,4,1,90,MULTI_FAMILY,CENTRAL,GAS,NONE,,,0,4,1,0,0,0,1,1,1,0,0,0,1,1,1,1,0,1,0,1,1,1,0,0,1,1,1,1,0,0
f4af92d02f8b08c0ef051ab2a5fda0ba04ede6931050f88b717a282e61e5a285,2,0,75,MULTI_FAMILY,,FLOW_WATER_HEATER,NONE,,,0,1,1,0,0,0,0,1,1,0,0,0,1,1,0,0,1,1,0,1,1,1,0,0,1,0,0,1,0,1
d9ba6f964c27bffbd6c77a9950c819f7abcede5b35945479b6318a5c5b65f880,2,1,130,SINGLE_FAMILY,CENTRAL,CENTRAL_HEATING,NONE,,,0,3,1,0,0,1,1,1,1,1,1,0,1,1,1,1,0,1,0,1,1,1,0,0,0,1,1,1,0,0
7c7e211f3ec16dc82ad8bc2d7a8265aba0774b8eb4212d28387bba5181fa45e1,3,1,240,SINGLE_FAMILY,CENTRAL,GAS,NONE,,,0,1,1,0,0,0,0,0,0,0,1,0,1,1,0,2,0,1,0,1,1,1,0,0,0,1,1,1,0,0
b9d6accbba76a9d0174077f0ec98581098ffb2ec064ab1f2ca70a2ae062de4b4,2,0,117,MULTI_FAMILY,GAS,OTHER,NONE,,Fernwärme,0,1,1,0,0,0,1,1,1,1,0,0,1,1,1,1,0,1,0,1,1,1,0,0,0,1,1,1,0,0
078c9d5a6e4690dbec2049849f415a5a21ac38d270b8f2b88ed137b11557c97f,2,0,83,MULTI_FAMILY,OTHER,OTHER,NONE,Infra,,0,2,1,0,0,0,2,1,1,1,0,0,1,1,0,1,0,1,0,0,0,1,0,1,0,1,1,1,0,1
69ccec81b45843d3218b1e8f05da7267c477f7d941d2fbf5125c2ea7bcd0bedc,2,0,120,MULTI_FAMILY,GAS,FLOW_WATER_HEATER,NONE,,,0,2,1,0,0,2,1,0,1,1,1,0,1,1,0,2,1,1,0,1,1,2,0,0,0,1,1,1,1,0
4a6edaa7ed4a72a7d3f4ff696756c574b5821b5d27c66f3eab2fc6c3b5199260,3,1,144,MULTI_FAMILY,CENTRAL,CENTRAL_HEATING;GAS;SOLAR_HEATING,PORTABLE_AIR_CONDITIONER,,,0,1,1,0,0,0,0,1,0,1,0,0,1,1,0,0,0,1,0,1,1,1,0,1,1,0,1,1,0,0
a6a1dcc7ce8af7a4aea22234af2bc30e6b98caf64d7fc7f4d1187c7b32afcbc5,2,1,76,MULTI_FAMILY,OIL,OIL_HEATING_BOILER,NONE,,,0,1,0,0,0,0,1,1,0,0,1,0,1,1,0,1,0,1,0,0,1,1,0,0,1,1,1,1,0,0
1ac053d5fd3a7ee3b00db468738d668c44fa0401090b64302eedc2c88a4108ca,4,2,100,SINGLE_FAMILY,WOOD;GAS,GAS,NONE,,,0,1,1,0,0,1,0,1,1,0,1,1,1,1,1,1,0,1,0,1,1,3,0,0,0,1,2,1,0,0
509ac10e8d9b3eb3fb3aa9e98420a5315fa14ee64f1a7c356ff2c7bdff55ccb8,4,2,90,MULTI_FAMILY,CENTRAL,CENTRAL_HEATING,PORTABLE_AIR_CONDITIONER,,,0,1,1,0,0,0,1,0,1,1,1,0,1,1,1,1,0,1,0,1,1,1,0,1,0,1,1,1,0,0
ba513c429ce06a2c36b4a8e1ee9090f420e5cb28b7af9c8c9c3e508bbd8ac235,2,0,75,MULTI_FAMILY,OIL,FLOW_WATER_HEATER,NONE,,,0,1,1,0,0,0,1,1,1,1,0,0,1,1,1,0,1,1,0,1,1,1,0,0,0,1,1,1,1,0
f2d87fe64a6a3542cfa64f1268a77fedf419511558747bdc6076756a1279b8fe,1,0,63,MULTI_FAMILY,CENTRAL,CENTRAL_HEATING,NONE,,,0,1,1,0,0,0,1,1,1,0,0,0,1,1,0,0,0,1,0,1,1,1,0,0,0,0,1,1,0,0
2ecebf9a1a312178088fd812ac7a253a6d0a57b1789044027691aea11fa5c488,1,0,55,MULTI_FAMILY,CENTRAL,FLOW_WATER_HEATER,NONE,,,0,1,1,0,0,0,1,1,1,1,0,0,1,1,1,0,1,0,0,1,1,1,0,1,1,1,1,1,1,0
bb418fe766ad44b735551a2d39307bb73e852b8767cc2773873ede80fc4df540,2,0,97,MULTI_FAMILY,CENTRAL,CENTRAL_HEATING,NONE,,,0,1,1,0,0,0,1,1,1,0,0,0,1,1,1,0,0,0,0,0,1,1,0,0,0,1,1,1,0,0
d124eefcf7f98c9988ffbd97ae996361c9164d5a5ff8e197f495ecc6f9abc6b0,8+,0,170,SINGLE_FAMILY,CENTRAL,CENTRAL_HEATING;FLOW_WATER_HEATER,PORTABLE_AIR_CONDITIONER,,,0,10,3,1,0,1,2,1,9,2,0,0,9,2,0,8,7,9,1,9,0,1,0,0,0,9,0,1,0,1
a21e298cee86cfdd1a8a108df40799c8612b80fce35f980ef7255f72e30517d6,2,0,120,SINGLE_FAMILY,GAS,GAS,NONE,,,0,2,1,0,1,1,1,0,1,1,1,1,1,1,0,2,0,1,0,0,1,1,0,0,1,1,1,1,0,1
e39de3f11613c2af073825b48346bf83991b09b8c0fe07c32e3c973c8158b6ec,3,1,180,SINGLE_FAMILY,PELLET,CENTRAL_HEATING,NONE,,,0,1,1,0,0,0,2,2,1,1,1,0,1,2,1,0,0,1,0,1,1,2,0,0,0,1,1,1,0,0
0f6ae8017a0dc9199112d93406564499d59ab0d30723e45c9a73bf3015996f81,2,0,88,MULTI_FAMILY,CENTRAL,FLOW_WATER_HEATER,NONE,,,0,1,1,0,0,0,1,1,0,0,0,0,1,1,0,0,1,1,0,1,1,0,0,0,0,1,1,1,1,0
af2dd48efc0c22f03449b0aa9a1a8d9179941f8a0c4a1a1e0111b03dd7fac258,1,0,50,MULTI_FAMILY,CENTRAL,CENTRAL_HEATING,NONE,,,0,1,1,0,0,0,1,1,1,0,1,0,1,1,0,2,0,1,0,0,1,1,0,0,1,0,1,1,0,1
39f40a6b3056e1a78c4b68d56a4a9b4ab7959990b48a93e79659152b20ae7954,3,,100,MULTI_FAMILY,GAS,GAS,NONE,,,1,2,1,0,0,1,1,1,1,0,0,0,1,1,0,0,0,1,0,1,1,1,1,1,1,1,2,1,0,0
b8c2c46ea8d5169ff3075e3d45e33e3647ce3af0340bec766884ed5589562cac,3,1,,SINGLE_FAMILY,,,,,,0,1,1,0,1,0,1,1,0,0,0,0,1,1,0,0,0,1,0,0,0,1,0,0,1,1,1,1,1,0
57cfdaa4d2bd62c581d6b7680d5aeb9b2efe7d863f03bf77b73f0a67996a2bbb,5,2,200,SINGLE_FAMILY,CENTRAL;HEAT_PUMP,CENTRAL_HEATING,NONE,,,0,2,1,0,0,0,2,1,0,1,0,1,1,1,0,1,0,1,0,1,1,1,0,0,0,1,2,1,0,0
7e802ecd03616a8b09ac4eddcfb5277dedf3df0a1422d3977fedcf0f61f176e3,1,0,59,MULTI_FAMILY,CENTRAL,FLOW_WATER_HEATER,NONE,,,0,0,1,0,0,0,0,0,0,1,0,0,0,1,0,1,1,0,0,1,0,0,0,0,0,1,1,0,0,1
4fd3d7cfba5648dafe95d58a6f8f05800c6f15817dc6381faab4ad287f3701b7,2,0,82,MULTI_FAMILY,CENTRAL,GAS,NONE,,,0,1,1,1,0,0,1,1,1,1,1,0,1,1,0,1,1,1,0,1,1,1,1,0,0,0,0,1,1,1
95649b3fa321a35f44ac421a490e68faa1c2eb78ac069740499db3134530703d,4,2,140,SINGLE_FAMILY,CENTRAL,CENTRAL_HEATING,NONE,,,1,4,1,0,0,1,0,1,1,1,0,0,1,1,2,1,0,1,0,1,1,1,0,0,1,1,3,1,0,1
e9ebebf14f86fcf77f8acc2f4115d7f1fae800a4f901c2ced2b2386d7f826b33,4,0,,,,,,,,1,4,1,0,1,1,0,1,2,0,1,1,1,1,2,0,0,1,0,1,1,3,0,0,1,1,1,1,0,0
17c4a0b056435be59f4ef300cfaa05793e6605135063b82e6f4515e3c6d7de58,2,0,100,SINGLE_FAMILY,OIL,OIL_HEATING_BOILER;SOLAR_HEATING,NONE,,,0,3,1,1,0,1,1,2,1,1,0,0,1,1,0,0,0,1,0,1,1,0,0,0,1,1,1,1,0,0
a74f51b2bc6fe075d05833a7b6cde20059502104b2c77c44de9ff7149d30f19a,3,2,73,MULTI_FAMILY,CENTRAL,CENTRAL_HEATING,PORTABLE_AIR_CONDITIONER,,,0,1,1,1,0,0,1,1,0,0,0,0,1,1,1,1,0,1,0,1,1,1,0,0,1,1,3,1,0,0
e46a132de2e2d327de79492826bc97aabdb3ae0b870f114b5b835b92a8ca9752,2,0,72,,CENTRAL,FLOW_WATER_HEATER,PORTABLE_AIR_CONDITIONER,,,0,1,1,1,0,0,1,1,1,1,1,0,1,1,2,1,1,1,0,1,1,1,0,0,1,1,1,1,1,0
c1d429b941d49ba0e3cb16a0b865b08873282b3f91847f64e969dd1d9d0db15b,2,0,60,MULTI_FAMILY,GAS,GAS,NONE,,,0,1,1,0,0,0,0,1,1,0,1,0,1,1,0,0,0,1,0,1,1,1,0,0,0,1,1,1,0,0
68b325e5323e4c96433dab94c88653e79e229953bd42ae6eadc5ac1d531816ed,2,0,79,MULTI_FAMILY,GAS,CENTRAL_HEATING,NONE,,,0,1,1,0,0,0,0,1,1,0,0,0,1,1,1,0,0,1,0,0,1,1,0,0,1,1,1,1,0,0
9811f3bb89f070afe6da63105295e1079f001fce3207f38682606c3f3346200c,2,0,160,SINGLE_FAMILY,GAS,GAS,CENTRAL_AIR_CONDITIONER,,,0,2,1,0,0,1,1,2,1,1,1,0,1,1,2,0,0,1,0,1,1,2,0,0,1,1,3,1,0,2
9bb4971eec2e6823196c735bfb6973c1f0b297f01ee8693f4819b558d86b9cb7,2,0,73,MULTI_FAMILY,CENTRAL,FLOW_WATER_HEATER,NONE,,,0,1,1,0,0,0,1,1,0,0,0,0,1,1,1,0,1,1,0,0,1,1,0,0,0,1,1,1,1,0
841424b0f78ec6bb5484e3f8eca55fe867bbb26e9cf4b6ebc59378134e2155df,4,2,125,SINGLE_FAMILY,OIL,OIL_HEATING_BOILER,PORTABLE_AIR_CONDITIONER,,,0,2,1,0,0,2,0,1,1,1,1,0,1,2,1,1,0,1,0,1,1,4,0,0,0,1,1,1,0,1
4415eb6a92f18971c2c9307c973e859a14fc974be762adfedb069c02aab0fe33,4,2,150,SINGLE_FAMILY,OIL,OIL_HEATING_BOILER,NONE,,,0,1,1,0,0,1,0,0,1,1,1,0,1,1,1,1,0,1,0,1,1,0,1,0,1,1,1,1,0,1
f4fd6dfeb11142b8fe08a0efc32caea0fbe0b18ad530b7ff411d67f4d529d3f0,2,0,140,SINGLE_FAMILY,GAS,GAS,NONE,,,0,1,1,0,0,1,1,1,1,1,0,0,1,1,0,1,0,1,0,1,1,1,0,0,0,1,1,2,0,0
6f9d0dd363474d72e0ac17bd49f8518101a65588da0dece8593e759fb4e85e0c,2,0,150,SINGLE_FAMILY,GAS,GAS,CENTRAL_AIR_CONDITIONER,,,0,2,1,0,0,1,1,1,1,1,0,0,1,1,0,0,0,1,0,1,1,0,0,0,0,1,1,1,0,0
617324c43a1e85b6694ae738269546dc38004156067fe638880ac6ccfad08610,1,0,55,MULTI_FAMILY,CENTRAL;GAS,FLOW_WATER_HEATER,CENTRAL_AIR_CONDITIONER,,,0,1,1,0,0,0,1,1,1,1,0,0,1,1,0,0,1,1,0,1,1,1,0,0,0,1,1,1,1,0
4fc37f4bf5b9cce6849c7b9010ee0df602536d261dee2eee65c1a7b29e3a52f8,4,2,162,SINGLE_FAMILY,OTHER,FLOW_WATER_HEATER,PORTABLE_AIR_CONDITIONER,,,0,3,1,0,0,1,2,1,1,1,0,1,1,1,2,0,1,1,0,1,1,3,0,0,1,1,1,1,0,1
aa548b9a4dadce6316c1fea139ddba8d33d9a6cf2112127397d7e511bafdd4a7,2,,65,MULTI_FAMILY,CENTRAL,FLOW_WATER_HEATER,NONE,,,0,1,1,0,0,0,0,1,1,1,0,0,1,1,1,0,1,1,0,1,1,1,0,1,1,1,2,1,1,1
53d3ece485a9056b685840926a7797405d7f221f0d1f47f80a13cfc9df0866aa,2,0,81,MULTI_FAMILY,CENTRAL;GAS,CENTRAL_HEATING,NONE,,,0,1,1,0,0,0,1,0,1,1,1,0,1,1,1,1,0,1,0,1,1,1,0,0,1,1,0,1,0,0
ead7fd876a4ca9d00aefeec14c4095f85e80f7abaade37aca173d7f81599e2d3,2,0,190,MULTI_FAMILY,CENTRAL,CENTRAL_HEATING;SOLAR_HEATING,NONE,,,0,4,1,0,0,6,3,0,1,1,2,0,3,2,0,3,0,2,0,1,1,2,0,0,1,2,2,2,0,0
f0becd80b6ad73a2c973d0b9026499afc1a96a64e6f3ba5339f19245c25dbada,2,0,107,MULTI_FAMILY,CENTRAL,CENTRAL_HEATING,NONE,,,0,1,1,0,0,0,0,1,1,0,0,0,1,1,1,0,0,0,0,1,1,1,0,0,0,1,1,1,1,0
838eaece366993f5a4f96f0aa15c98477cb208481f22c3fca171dfc872aeac2b,4,2,75,MULTI_FAMILY,OTHER,CENTRAL_HEATING,NONE,Fernwärme,,0,1,1,0,0,0,0,0,1,1,1,0,1,1,0,1,0,0,0,0,1,2,0,0,0,1,1,1,0,0
708170441f8f3794fbcf4e16b4c855884d39aff9b7d390f64d30f9f2d6ea5605,3,1,110,MULTI_FAMILY,CENTRAL,FLOW_WATER_HEATER,NONE,,,0,1,1,1,0,0,1,1,1,1,0,0,1,1,0,0,1,1,0,1,1,1,0,1,0,1,1,1,1,1
a286a79f36dd8e9f367fa71beda3035da947b1dbf7a730ffc98d3fbe6d7fe97c,4,0,80,MULTI_FAMILY,CENTRAL,CENTRAL_HEATING,NONE,,,0,3,1,0,0,0,1,1,1,1,0,0,1,1,1,0,0,1,0,1,1,2,0,1,1,1,2,1,0,0
a9ef0c141a741e1cea13ff8dfe862b2fc9751ab084b12949f2755c718288eadb,1,0,45,MULTI_FAMILY,CENTRAL,FLOW_WATER_HEATER,NONE,,,0,1,0,0,0,0,1,0,0,0,1,0,1,1,1,1,1,0,0,1,0,0,0,0,0,0,1,1,1,0
459430e26c2157169c2f854f0123a1b1b889eb2bd295e91cb8adae45e1b91dba,2,0,48,MULTI_FAMILY,CENTRAL,CENTRAL_HEATING,PORTABLE_AIR_CONDITIONER,,,0,2,1,0,0,0,0,1,1,1,0,0,1,1,0,1,0,1,0,1,1,5,0,0,0,1,2,1,0,0
246dee3b731ff07430b2b5d3ae1cbdc07511821a9ace6116e0cc3d41d7e051b2,3,1,140,SINGLE_FAMILY,CENTRAL,CENTRAL_HEATING,NONE,,,0,2,1,0,1,1,1,1,1,1,1,0,1,1,1,1,1,1,0,1,0,2,1,0,1,1,2,1,0,0
8a1c8ddf687e74c0729746a8770d346660a9d734d34f6d19cfe9ebf7889ef6c1,1,0,,MULTI_FAMILY,,,,,,0,1,0,0,0,0,1,0,0,0,0,0,0,1,0,1,0,1,0,0,0,1,0,0,0,0,0,0,0,0
1c5f5429408b65a869326e86ae853bf73c23c4f56eb24de54502e4d2f9b90228,5,2,120,SINGLE_FAMILY,GAS,GAS;SOLAR_HEATING,NONE,,,1,2,1,0,0,0,1,0,1,1,1,0,0,1,1,1,0,2,0,1,1,2,0,0,0,1,4,1,0,1
63ffa2acd3abcfca7b8fcee618f72a226ca76ef5cb8b63c560d515fc1c927eda,2,0,125,MULTI_FAMILY,CENTRAL,CENTRAL_HEATING,NONE,,,0,1,1,0,0,0,0,1,1,1,1,0,1,1,1,1,0,1,0,1,1,1,0,0,0,1,1,1,0,0
00effd348b9c800790820fce60d86d4d56534be2ca3371f75da7e1d741c8caac,3,1,100,SINGLE_FAMILY,OIL,OIL_HEATING_BOILER,NONE,,,0,1,1,0,0,1,0,1,1,1,0,0,1,1,0,0,0,1,0,0,1,1,1,0,0,1,1,1,0,0
aad912745070a485a636475c3e606ea828899229c0bdcb67832bd553a3ec1589,2,0,,MULTI_FAMILY,CENTRAL,CENTRAL_HEATING,NONE,,,0,1,1,1,0,0,1,0,1,0,1,0,1,1,1,1,0,1,0,1,0,1,0,1,1,1,1,1,0,0
025ef6dfd93d6809a234dddf016ddc5e05f60af002b3e4d9c150bdb4e7e0f574,3,0,75,MULTI_FAMILY,OTHER;CENTRAL,OTHER,NONE,,,0,0,1,0,0,0,0,0,0,0,1,0,1,1,0,1,0,1,0,1,0,3,0,0,1,1,3,1,0,1
